icon,info,link,name,time,type
http://miaopai.com/favicon.ico,,http://miaopai.com,秒拍,2021-08-05,影视视频
,搜狐视频是搜狐旗下专业的综合视频网站，提供正版高清电影、电视剧、综艺、纪录片、动漫等。网罗最新最热新闻、娱乐资讯，同时提供免费视频空间和视频分享服务。,http://tv.sohu.com,搜狐视频,2021-08-05,影视视频
,斗鱼 - 每个人的直播平台提供高清、快捷、流畅的视频直播和游戏赛事直播服务，包含英雄联盟lol直播、穿越火线cf直播、dota2直播、美女直播等各类热门游戏赛事直播和各种名家大神游戏直播，内容丰富，推送及时，带给你不一样的视听体验，一切尽在斗鱼 - 每个人的直播平台。,http://www.douyu.com,斗鱼,2021-08-05,影视视频
https://cn163.net/wp-content/uploads/2020/02/favicon.ico,"天天美剧是一个以美剧为主的站,提供即时新闻、新季回归时间表、新剧首播表。Netflix、Apple TV、Amazon(亚马逊)、Disney(迪士尼)、Hulu、HBO美剧电视节目表。",http://cn163.net,天天美剧,2021-08-05,影视视频
https://img3.doubanio.com/favicon.ico,豆瓣电影提供最新的电影介绍及评论包括上映影片的影讯查询及购票服务。你可以记录想看、在看和看过的电影电视剧，顺便打分、写影评。根据你的口味，豆瓣电影会推荐好电影给你。,http://movie.douban.com,豆瓣电影,2021-08-05,影视视频
,"视频服务平台,提供视频播放,视频发布,视频搜索,视频分享",http://youku.com,优酷网,2021-08-05,影视视频
,,http://fun.tv,风行网,2021-08-05,影视视频
//v.qq.com/favicon.ico,腾讯视频致力于打造中国领先的在线视频媒体平台，以丰富的内容、极致的观看体验、便捷的登录方式、24小时多平台无缝应用体验以及快捷分享的产品特性，主要满足用户在线观看视频的需求。,http://v.qq.com,腾讯视频,2021-08-05,影视视频
,"视频服务平台,提供视频播放,视频发布,视频搜索,视频分享",http://www.tudou.com,土豆网,2021-08-05,影视视频
,"56网是中国原创视频网站,免费上传搞笑逗趣生活视频，观看优质丰富的特色节目，关注感兴趣的原创导演和美女解说，快速分享及评论互动。""",http://www.56.com,56网,2021-08-05,影视视频
,新浪视频是新浪旗下的专业视频网站，提供最新、最热的新闻、体育、娱乐、话题、搞笑视频，直播热门体育赛事、明星访谈，汇集海量的电影、电视剧、综艺节目、公开课。,http://video.sina.com.cn,新浪视频,2021-08-05,影视视频
https://live.qq.com/nextStatic/favicon.ico,免费看高清NBA直播、NFL橄榄球直播、足球直播、台球直播、CBA、欧冠意甲西甲直播同时还有国家健美冠军直播健身教你减肥练出好身材，更有高颜值美女主播解说体育赛事。,http://live.qq.com,企鹅直播,2021-08-05,影视视频
,迅雷是全球领先的共享计算与区块链技术创新企业，公司成立于2003年，基于深耕十几年、获得国际专利的P2SP下载加速技术优势，面向个人用户和企业用户打造了丰富的下载加速、区块链、云计算、影音娱乐等产品及服务，为超过4亿用户创造了高效、智能、安全的互联网体验。,http://xunlei.com,迅雷看看,2021-08-05,影视视频
//sr1.pplive.cn/mcms/nav/images/favicon.ico,,http://pptv.com,PPTV,2021-08-05,影视视频
http://static1.mtime.cn/favicon.ico,,http://movie.mtime.com,时光网发现频道,2021-08-05,影视视频
,猫眼电影是国内观众喜爱的观影平台，为您提供了在线购票服务。同时，猫眼电影还为您提供电影预告片、票房查询、电影排行榜、影视资讯等信息。,http://maoyan.com,猫眼电影,2021-08-05,影视视频
//y0.ifengimg.com/index/favicon.ico,,http://v.ifeng.com,凤凰视频,2021-08-05,影视视频
,1905电影网（电影频道官方网站），涵盖最新电影、好看的电影、经典电影、电影推荐、免费电影、高清电影在线观看及海量最新电影图文视频资讯，看电影就上电影网1905.com。,http://1905.com,电影网,2021-08-05,影视视频
,"乐视视频是以正版,高清影视剧为主的视频门户,乐视旗下专业影视剧视频网站。为用户提供正版高清电影,电视剧,动漫,综艺等视频在线观看,以及视频分享,视频搜索等服务。",http://le.com,乐视网,2021-08-05,影视视频
,最好的迅雷电影下载网，分享最新电影，高清电影、综艺、动漫、电视剧等下载！,http://dy2018.com,电影天堂,2021-08-05,影视视频
,最好的迅雷电影下载网，分享最新电影，高清电影、综艺、动漫、电视剧等下载！,http://dytt8.net,电影天堂,2021-08-05,影视视频
https://www.bilibili.com/favicon.ico?v=1,bilibili是国内知名的视频弹幕网站，这里有及时的动漫新番，活跃的ACG氛围，有创意的Up主。大家可以在这里找到许多欢乐。,http://bilibili.com,哔哩哔哩弹幕视频网,2021-08-05,影视视频
//y0.ifengimg.com/index/favicon.ico,,http://phtv.ifeng.com,凤凰卫视,2021-08-05,影视视频
//www.iqiyipic.com/common/fix/128-128-logo.png,爱奇艺（iQIYI.COM）是拥有海量、优质、高清的网络视频的大型视频网站，专业的网络视频播放平台。爱奇艺影视内容丰富多元，涵盖电影、电视剧、动漫、综艺、生活、音乐、搞笑、财经、军事、体育、片花、资讯、微电影、儿童、母婴、教育、科技、时尚、原创、公益、游戏、旅游、拍客、汽车、纪录片、爱奇艺自制剧等剧目。视频播放清晰流畅，操作界面简单友好，真正为用户带来“悦享品质”的在线观看体验。,http://iqiyi.com,爱奇艺,2021-08-05,影视视频
,,http://pipi.cn,皮皮网,2021-08-05,影视视频
https://vr0.6rooms.com/imges/favicon.ico,六间房是真人互动视频直播社区。秀场视频直播间，支持数万人同时在线视频聊天、在线K歌跳舞、视频交友。赶快加入，免费与数万个美女主播在线聊天。,http://6.cn,6间房,2021-08-05,影视视频
,,http://360kan.com,360影视,2021-08-05,影视视频
,央视网（www.cctv.com）由中央广播电视总台主办，是以视频为特色的中央重点新闻网站，是央视的融合传播平台，是拥有全牌照业务资质的大型互联网文化企业。秉承“融合创新、一体发展”的理念，以新闻为龙头，以视频为重点，以用户为中心，建成“一网一端多平台多渠道”融媒体传播体系。,http://cntv.cn,央视网,2021-08-05,影视视频
https://www.mgtv.com/favicon.ico,芒果TV-大家都在看的在线视频网站-热门综艺最新电影电视剧在线观看,http://hunantv.com,芒果TV,2021-08-05,影视视频
,,http://moretv.com.cn,电视猫官方网站 ,2021-08-05,影视视频
,,http://boosj.com,播视网,2021-08-05,影视视频
https://www.showself.com/favicon.ico,秀色直播网是真人视频聊天室，这里是美女秀场，提供了美女主播、美女直播、美女视频、美女视频表演、美女秀，有美女主播视频、看清纯美女，可以视频交友、与美女视频聊天，秀色直播时尚的美女聊天网站。,http://www.showself.com,秀色秀场,2021-08-05,影视视频
,,http://yizhibo.com,一直播官网,2021-08-05,影视视频
,"正在直播, 快来围观!",http://now.qq.com,NOW直播,2021-08-05,影视视频
https://www.cinema.com.hk/favicon.png,百老匯院線是現時香港最大的電影院線，戲院位置覆蓋香港、九龍及新界各區。每間戲院均有不同的設計風格，及配有先進的數碼影院設備，為觀眾提供極盡完美的電影視聽享受及觀影環境。立即購買戲票!,http://www.cinema.com.hk,百老汇院线,2021-08-05,影视视频
,"视频服务平台,提供视频播放,视频发布,视频搜索,视频分享",http://zy.youku.com,优酷综艺频道 ,2021-08-05,影视视频
http://kankan.xunlei.com/ /static/images/favicon.ico,冰阔落导航提供最快捷的资源平台，让你迅速找到想要的资源，准确又方便快捷,http://kankan.xunlei.com,迅雷看看,2021-08-05,影视视频
,"华夏视讯网是一个免费的资源共享平台：集天下足球,足球录像,足球视频,NBA录像,NBA视频下载、上传、互动功能于一身,基于最被广泛使用的百度下载使速度更快！",http://hxsxw.com,华夏视讯网,2021-08-05,影视视频
,我友网（woyo.com）视频分享社区-“发现不一样的视界”。一站式观看大视频站点的热门视频，并且能发现网络上从未见过的各种震撼视频。,http://woyo.com,我友网,2021-08-05,影视视频
https://www.vmovier.com/favicon.ico?20180517,"高品质短片分享平台,汇集优秀视频短片及微电影创作人,实时不断分享全球优秀视频短片,微电影等,提供电影幕后制作揭秘,全国各地举办线下视频短片和微电影展映交流活动",http://vmovier.com,V电影,2021-08-05,影视视频
https://cdn.baidu.com.btba.xiaoeryi.com/btba/favicon.ico,BT吧每日更新2021年最新电影电视剧，720p|1080p|4K等超高清分辨率电影电视剧迅雷下载、bt种子网盘离线下载等资源。支持手机、ipad访问，页面打开快速稳定，欢迎访问。,http://btba.com.cn,BT吧,2021-08-05,影视视频
,,http://video.chaoxing.com,超星学术视频,2021-08-05,影视视频
,imbaTV官方站点，提供IMBATV官方主办的i联赛赛事直播，赛事回看以及聚合的游戏资讯。,http://imbatv.cn,ImbaTV 官网,2021-08-05,影视视频
,行客工作室又名行客软件工作室，这是一个软件下载网站，行客软件管家、分享各种精品软件下载、经典电影和各种视频教程打包下载,http://runker.net,行客工作室,2021-08-05,影视视频
,和讯视频是财经视频平台，为投资者提供财经资讯，在线教育，高端访谈，实时解盘，银行理财，知名公开课，社会新闻，动画，大数据分析，投资教程，证券市场走势，图书访谈，财经电影等方面的财经视频。,http://tv.hexun.com,和讯视频-,2021-08-05,影视视频
,东方财富网视频频道——中国新锐的、最具专业度的网络财经在线视频频道。,http://video.eastmoney.com,东方财富网视频频道,2021-08-05,影视视频
http://vres.61.com/images/public/favicon.ico,淘米视频提供热门动漫、动画电影，是最新最好看的卡通片、教育、科教片的视频网站;淘米视频，动漫，动画片，动画片大全，赛尔号动画片，赛尔号大电影，摩尔庄园动画片，小花仙动画片。,http://v.61.com,淘米视频,2021-08-05,影视视频
,奇秀是爱奇艺旗下大型在线互动娱乐社区，高清真人视频直播平台。海量美女主播，视频聊天、K歌比拼、歌舞表演，有趣有爱有美女。赶快加入吧！,http://x.pps.tv,爱奇艺秀场,2021-08-05,影视视频
,快剧网：提供最新、热播的电视剧分集剧情介绍、演员表、精彩剧照等,http://kuaiju.cn,快剧网 ,2021-08-05,影视视频
,,http://video.qq.com,腾讯视频,2021-08-05,影视视频
,太平洋电影网(www.cinema.com.cn)全球最丰富电影票团购、影片咨询、影讯查询、影院加盟、全国影院加盟，热线18908083377，QQ16445003，马先生,http://www.cinema.com.cn,平洋电影网,2021-08-05,影视视频
,首页 ,http://filmaker.cn,拍电影,2021-08-05,影视视频
http://gaoxiao.52op.net/favicon.ico,,http://gaoxiao.52op.net,搞笑视频 ,2021-08-05,影视视频
http://www.qtfy.cn/favicon.ico,且听风吟福利吧（www.qtfy.cn），一个致力于纯粹的，脱离低级趣味的，有益于人民的网站！,http://qtfy.cn,且听风吟 ,2021-08-05,影视视频
https://www.juqingba.cn/favicon.ico,"剧情吧,打造2020年最新电视剧分集剧情介绍的剧情介绍网站,提供最新电视剧剧情介绍,分集介绍,大结局,热门电影剧情介绍等剧情资料.看剧情,就上剧情吧!",http://juqingba.cn,剧情吧,2021-08-05,影视视频
,汽车视频频道由太平洋汽车网精心打造，提供汽车试驾、评测、碰撞、车展评车等原创视频以及新车广告宣传视频等，为网友提供最新最全的汽车视频。,http://v.pcauto.com.cn,汽车视频V频道,2021-08-05,影视视频
,CC直播吧是最专业体育直播站，提供足球赛事直播、篮球赛事直播(直播吧NBA直播、CBA直播)、综合赛事直播、直播8NBA录像、足球录像、CBA录像、综合赛事录像以及一周体育赛事直播预告，全力为网友提供最全最便捷赛事直播和录像。,http://y80s.cc,80s手机电影网,2021-08-05,影视视频
//img.tv.itc.cn/soimg/56favicon.ico,"56视频是搜狐旗下专业在线视频平台,提供正版高清电影、电视剧、综艺节目、纪录片在线观看,网罗最新最热新闻、娱乐视频资讯,实时直播各大卫视节目,同时提供免费无限的视频空间和视频分享服务.",http://movielist.56.com,56视频电影,2021-08-05,影视视频
,"bt天堂为各位网友提供最新:1080p高清电影BT种子下载,720p高清电影BT种子下载,迅雷bt天堂电影下载！",http://bttiantang.com,bt天堂,2021-08-05,影视视频
,,http://rxdsj.com,热血电视剧网,2021-08-05,影视视频
,"卓影时代作为知名的3D/4D/5D/7D/9D影院设备品牌,拥有多种核心技术。可以为客户真正提供3D影院/4D影院/5D影院/7D影院/9D影院加盟、项目咨询、项目策划、项目设计、项目建设、设备供应、专业电影制作、安装调试及售后服务一体化运作的高新技术公司。",http://zoyse.com,卓影时代,2021-08-05,影视视频
http://www.uj9v.com/template/stui_tpl_A004/statics/img/favicon.ico,草民电影网_手机电影免费在线观看,http://heimi001.com,黑米网,2021-08-05,影视视频
,"大白兔网站拥有最新,最好看的电视剧、高清电影、经典动漫、综艺娱乐节目,大白兔网站提供2021最新电影电视剧在线观看,大白兔网站专注打造精品电影网站！",http://yueyu22.com,粤语天堂,2021-08-05,影视视频
,,http://tui8.org,影视推荐吧,2021-08-05,影视视频
,,http://www.qyule.com,青娱乐,2021-08-05,影视视频
http://rzdyw.com/favicon.ico,澳门金沙线上登录对玩家的技术需求是可以给予充分满足的，这也是对其平台实力的直观体现，毕竟在错综复杂的游戏场景中，玩家对线上平台的依赖性是相对较强的，同时也会结合所选择的游戏玩法制定投注计划，此时就需要通过线上平台的相关游戏服务合理规避游戏风险。,http://rzdyw.com,日照电影网,2021-08-05,影视视频
,"好电影推荐一下,给大家推荐好电影，今天就送你们一份高分影单，每部电影都是我非常喜欢的，豆瓣评分也很高。",http://maolvtv.com,毛驴TV,2021-08-05,影视视频
https://hybrid.xiaoying.tv/web/GH/img/favicon.ico,小影（VivaVideo）-短视频拍摄制作App，全球最流行的原创短视频应用，视频达人引爆社交网络的秘密神器。更有独家视频美颜、动画贴纸、多字幕添加、配音/配乐、炫酷特效等视频美化素材！一起来分享你的生活，制作你的生活MV和微电影吧！,http://xiaoying.co,小影,2021-08-05,影视视频
,,http://163yesok.com,163播客网,2021-08-05,影视视频
,"▓赛鸽公棚▓【tgwang.net】淘金网赛鸽公棚投资项目,都是需要有稳定的增长,如何做到日赚100,日赚1000,甚至更多呢?进来淘金网赛鸽公棚分享给您干货。",http://www.itujie.com,爱图解,2021-08-05,影视视频
,成都东星航空职业学校全名四川成都东星航空旅游专修学院，是由四川省上级主管部门批准成立的专业成都航空学院，我成都航空学校开设航空专业方向:空中乘务、民航安检、机场地勤、民航物流等航空专业。,http://mgys.cc,芒果影视,2021-08-05,影视视频
,,http://j5.cc,云南山歌网,2021-08-05,影视视频
https://static.parastorage.com/client/pfavico.ico,,http://www.ttmeiju.vip,天天美剧,2021-08-05,影视视频
http://www.imovie.cn/img/icon.ico,,http://www.imovie.cn,爱电影网,2021-08-05,影视视频
https://www.kaiyanapp.com/favicon.ico,开眼是一个全球精品短视频平台，汇集了动画、广告、影视、运动、创意、游戏、旅行等领域的优质短视频以及这些领域的创意人群。,http://www.kaiyanapp.com,开眼视频,2021-08-05,影视视频
,,http://miidol.com,米多娱乐,2021-08-05,影视视频
,"亚洲va在线va天堂va_8888色大全,两指分开花瓣gl,自拍_另类_综合_欧美_另类_专区_欧美_制服_福利大片视频在线观看,免费观看一级特黄欧美大片,含羞草影院研究院网站免费,免费男生晚上看的网站,爱情岛论坛com_999_亚洲品质自拍视频网站_极速福利视频在线观看,亚洲人成伊人成综合网_国产美女一级a做爰免费_中日在线高清字幕视频,欧美va天堂在线电影_欧美洲va_欧美中日韩va_欧美va免费视频,在线看午夜福利片_手机电影在线看片_午夜福利视频10000在线观看,美国黄片_亚洲AV_欧美_卡通_动漫_高清欧美videoSseXo",http://mianbao77.com,面包网,2021-08-05,影视视频
http://www.520dy.cc/statics/img/favicon.ico,我爱你电影是一个非常强大的影视网，提供大量免费的电影、电视剧资源，还有大家喜欢的动漫及综艺节目，是一个不可多得的免费在线影视网站。,http://520dy.cc,520影院,2021-08-05,影视视频
https://www.6uudy.com/favicon.ico,樱花动漫-专注动漫的门户网站，樱花动漫官网是一个拥有上万集高清晰画质的在线动漫，旗下也包含樱花动漫手机版、网页版、樱花动漫app下载，在线观看完全免费、无须注册、高速播放、更新及时的专业在线樱花动漫网站，我们乐优优影视手机版致力为所有动漫迷们提供最新最好看的动漫。,http://6uudy.com,乐优优影视网,2021-08-05,影视视频
https://app.sumeme.com/2339/www-v2/static/base/favicon_4d55ae9.ico?v=2,么么直播，一个与真人美女主播在线视频聊天的交友社区，支持百万人同时在线视频聊天交友、K歌互动。,http://imeme.tv,么么直播,2021-08-05,影视视频
,,http://cocodyy.com,我是电影通,2021-08-05,影视视频
,樱花动漫拥有上万集高清晰画质的在线动漫，观看完全免费、无须注册、高速播放、更新及时的专业在线樱花动漫站，我们致力为所有动漫迷们提供最好看的动漫。,http://qiqu.cc,奇趣影院,2021-08-05,影视视频
,,http://xaxflh.com,西安幸福蓝海影城,2021-08-05,影视视频
,清廉OPE体育投注由中共OPE体育投注市纪律检查委员会、OPE体育投注市监察委员会主办,http://wzcnyc.com,苍南影城官网,2021-08-05,影视视频
,"Since 2005, we have helped thousands of people get the perfect domain name.",http://ourot.com,乐乐影院,2021-08-05,影视视频
https://www.cloud.tencent.com/favicon.ico,"腾讯云域名注册, 腾讯云旗下品牌。腾讯云域名注册是中国领先的域名注册服务提供商, 并提供云主机、网站建设等网络服务。",http://chaoji365.com,51k影视,2021-08-05,影视视频
,大哥电影网-11-19年记录-历史百度权重4-外链超多,http://dameifu.com,大哥电影网,2021-08-05,影视视频
http://love-zest.com/favicon.ico,摇钱树捕鱼【v228.com】在很多游戏厅我们都能够看到捕鱼的小游戏，周围有很多人。摇钱树捕鱼主要是利用投币玩，利用捕鱼的摇杆来操作。这个游戏的好处在于有真实的体验感，我们在操作的时候也非常易学。还有各种可以控制发射的力度，打出不一样的威力。,http://love-zest.com,大上海电影院,2021-08-05,影视视频
,,http://72fk.com,七十二家房客,2021-08-05,影视视频
,"我发财经网提供股票热点财经资讯,股票分析,股票行情查询,股票入门,股票主力动向,股指qh,外汇波动走势,股票交流及股票实时动态等最新的财经动态资讯。",http://dv58.cn,DV58素材模板,2021-08-05,影视视频
,"提供最新好看在线新版免费观看，无删减电影在线,2020高分电影高分烧脑剧,在线免费看电影,今年最好看的电影排行榜,高清无码电影在线，电影天堂，免费百度云，免费电影在线，在线影院，最热门电视剧美剧日韩剧，高清热门电影电视剧综艺，电影天堂迅播影院在线。",http://58kan.org,58看电影网,2021-08-05,影视视频
,,http://teshiw.com, 特视网,2021-08-05,影视视频
,Shop a wide selection of domains at HugeDomains.com. Find the right domain name today.,http://ruianmovie.com,瑞安电影城,2021-08-05,影视视频
,See related links to what you are looking for.,http://movie.readself.com,电影来了,2021-08-05,影视视频
,,http://jxhyyc.com,江西华影国际影院有限公司,2021-08-05,影视视频
,"久久日AV,国产在线精品亚洲第一区香蕉_99re 久久这里只有精品6_国产男女免费完整视频_亚洲免费无码中文在线亚洲在_十八禁无遮拦免费视频,日本免费最新高清不卡视频,黄色小视屏在线观看,波多野结衣119分钟456,成性交免费观看视频,户田真琴中文字幕在线观看,亚洲色婷婷免费视频下载,美女黄色免费欧美,久久综合色超碰人人无弹窗,暖暖免费视频观看日本1,外国佬夫妻地性生活录像",http://85cy.net,八五驰阳影视,2021-08-05,影视视频
,"第一放映室（www.d1fys.com,第1放映室）为您提供最新电视剧、电视剧大全、好看的电视剧、最新的电影在线观看和迅雷电影下载，每天更新最新好看的电视剧，最新综艺真人秀，明星信息与相关电影电视剧，同时提供电影演员表、电视剧演员表，角色等相关内容，是影视爱好者们的电影天堂。",http://d1fys.com,第一放映室,2021-08-05,影视视频
http://www.xfplay.com/favicon.ico,,http://yyxfplayer.com,影音先锋,2021-08-05,影视视频
,德扑圈官方【】是国内最大线上德州扑克平台，拥有安全有保障的同台竞技游戏环境，德扑圈下载为用户提供ios/手机安卓版下载！,http://zhouxingchi8.com,周星驰电影全集,2021-08-05,影视视频
http://zdomo.com/buychuan.com/favicon.ico,珠影影视，是专门影视发行平台。,http://zdomo.com,多芒网,2021-08-05,影视视频
,,http://www.aqdy.com.cn,爱情电影网,2021-08-05,影视视频
,"Copyright© 2018-2019   All Rights Reserved 澳门拉斯维加斯官网,澳门拉斯维加斯网站,澳门拉斯维加斯线上游戏  版权所有 未经同意不得转载或用于商业用途!",http://nvtongdianying.com,女同电影网,2021-08-05,影视视频
,"35频道,35影院本网站汇集了全网络最新、热播,高清电影、电视剧全集、综艺节目、体育赛事,新闻等高清视频,并提供高清影视节目BT下载。",http://35pd.com,35频道,2021-08-05,影视视频
//img.sedoparking.com/templates/logos/sedo_logo.png, ,http://xzshoufa.com,电影首发下载站,2021-08-05,影视视频
,,http://6070.mobi,6070手机电影下载网,2021-08-05,影视视频
,,http://79hd.com,吉吉影音,2021-08-05,影视视频
,,http://gongfupian.com, 功夫片之家,2021-08-05,影视视频
,,http://lexiangw.net,乐享网  ,2021-08-05,影视视频
,"华宇平台提供具有活力的娱乐资讯新闻，点击登录华宇平台，免费体验华宇平台游戏。同时提供各种免费手机小游戏、安卓破解手机游戏、安卓汉化版游戏、手机网游下载,华宇手机在线登录平台近期推出免费试玩活动。",http://wudaoshipin.net,舞蹈视频网,2021-08-05,影视视频
,"国产超碰人人爽人人做,丈洗澡30分钟总被公玩,极品私人尤物在线精品首页,久久午夜夜伦鲁鲁片免费无码,天天躁日日躁狠狠躁欧美老妇,亚洲一级aⅴ无码毛片,国产成人精品福利网站,国内大量揄拍人妻精品视频,青草永久在线精品免费,天天躁日日躁狠狠躁欧美老妇,亚洲最大无码av网站观看,啊…高潮了喷出来了小视频,午夜丰满少妇一级毛影院,高中生jk裸体自慰流水,a动漫,国产高潮刺激叫喊视频",http://01fys.com,第一放映室,2021-08-05,影视视频
http://24wu.com/favicon.ico,24屋经典电影为大家提供最新电影排行榜，西瓜影音电影网站以及2020最新电影在线观看，最快发布西瓜影音电影、好看的电影，每天第一时间更新。,http://24wu.com,24屋经典电影网,2021-08-05,影视视频
https://bfdy-1304919717.file.myqcloud.com/icon/eeys/favicon.png,依依影视，提供丰富的高清资源、24小时极致的观看体验(www.eeys.cc),http://eeys.cc,依依影视网,2021-08-05,影视视频
,370看看电影网 - 这里我们只聊电影，不定时推荐370kankan.org的高清电影，我们追求的不是数量而是质量！,http://370kankan.org,370看看,2021-08-05,影视视频
,,http://bage2.com,八哥电影网,2021-08-05,影视视频
,三二看书网(www.32kan.com)收录整理最新最全的热门网络小说，所有小说首发最新章节免费阅读，三二看书网是最值得网友收藏的无弹窗小说阅读网。,http://32kan.com,32电影网,2021-08-05,影视视频
,,http://douyuyy.com, 斗鱼影院,2021-08-05,影视视频
,,http://qtfydy.cc,且听风吟电影,2021-08-05,影视视频
,"破晓电影网提供最全的2021最新电影,电视剧、动漫、综艺节目迅雷高清下载,以及迅播高清在线点播,好看的无水印高清电影下载,以及边下载边在线观看,尽在破晓电影网。",http://poxiaody8.com,破晓电影官网 ,2021-08-05,影视视频
,,http://realplayer.cn,RealPlayer 官网,2021-08-05,影视视频
,,http://100cai.cn,百彩影视网,2021-08-05,影视视频
,"思路高清siluhd提供全网最新、720P,1080P，最全的高清论坛在线电影资源，热门高清影视电影、最新上线电影、最新热播电视剧以及各种好看的电影、电视剧、动漫、综艺的在线观看,定期为您收集更新最新影视信息。",http://siluhd.com,思路网,2021-08-05,影视视频
http://8tdy.com/favicon.ico,葡京直营app下载【p676.com】它位于澳门的核心游戏娱乐区-友谊大道，共39层。成立于2006年，我们的在线业务在菲律宾首都马尼拉注册。我们是亚洲最大，发展最快的在线赌场之一，提供令人兴奋的现实赌场，彩票，体育博彩，赌场老虎机，虚拟游戏和扑克游戏。,http://8tdy.com, 8T电影站,2021-08-05,影视视频
,"澳门尼斯人手机网站，最新的游戏平台网址:www.813net,www.55402com,www.2018com,www.js9905com,所以选择威尼斯城娱乐官方平台没错的,澳门尼斯人手机网站,注册送彩金资讯,国际唯一官网欢迎您的注册开户,祝您游戏愉快！。",http://lovetv5.com,爱视网,2021-08-05,影视视频
,"嘻嘻看影院更名乐搜影视；乐搜影视https://www.lesoutv.com先锋影音最新AV资源网免费提供韩国三级电影,日韩三级片,	欧美三级片,免费三级现频在线观看,全国三级网站免费观看,香港日本三级在线播放.",http://lesoutv.com,乐搜影视,2021-08-05,影视视频
//www.contentchina.com/favicon.ico,,http://www.contentchina.com,喜福网,2021-08-05,影视视频
https://www.mmyy.org/statics/img/favicon.ico,乐享网，神马影院，神马电影网，韩国电影、最新电视剧在线观看，手机看电影、电视剧就上乐享电影网。,http://mmyy.org,木木影音,2021-08-05,影视视频
,欧美日韩亚洲中字国产 _岛国AV无码免费无禁_在线岛国爱片免费无码AV_午夜男欢女爱免费视频_很污很黄很肉的视频免费__337p日本大胆欧美人术艺术68,http://daxiz.com,大西子影院,2021-08-05,影视视频
"data:image/x-icon;,",,http://gugu1.com,古古电影网,2021-08-05,影视视频
,,http://tv.dadou.com,大豆影视,2021-08-05,影视视频
,樱花动漫拥有上万集高清晰画质的在线动漫，观看完全免费、无须注册、高速播放、更新及时的专业在线樱花动漫站，我们致力为所有动漫迷们提供最好看的动漫。,http://ruixiangdy.com,睿翔电影网,2021-08-05,影视视频
,发财域名，机会难得,http://mxgcn.com,木瓜电影网,2021-08-05,影视视频
,,http://kb.cc,看吧电影网,2021-08-05,影视视频
,"2012中文字幕高清在线电影,日韩亚洲AV无码一区二区不卡,亚洲色无码专区在线观看金品绝未满18岁者进入,暖暖直播很黄为色友提供费分享福利视频、宅男福利,撸男必撸!有声小说中国主播福利在线观看最新app下载邀您一起来欣赏。",http://huaban365.com,花瓣电影网,2021-08-05,影视视频
,,http://idanmu.com,爱弹幕,2021-08-05,影视视频
//s3.pstatp.com/faceu/resource/fe_portal/favicon.ico,Faceu激萌，4亿用户选择的自拍相机，国内行业第一家具有贴纸功能的超级相机。海量多样化潮流贴纸、小白跟拍录像功能、精致五官微调、自由补妆搭配、各种高级主题滤镜，自拍总有新玩法。,http://www.faceu.net,Faceu激萌,2021-08-05,影视视频
,,http://live.e974.com,广东电台网上直播,2021-08-05,影视视频
,,http://qikuyou.com,奇酷优,2021-08-05,影视视频
,,http://dy.sasa123.com,洒洒电影频道,2021-08-05,影视视频
http://www.teavod.com/favicon.ico,"茶影网高清电影（www.teavod.com）第十放映室提供最新高清电影、最好看的影片给用户观看,是最老的免费桔子电影网,一直致力于打造最好最优秀的免费在线电影网站。",http://teavod.com,茶影网,2021-08-05,影视视频
,,http://tv.56.com,56网电视剧频道 ,2021-08-05,影视视频
http://www.spjc8.com/favicon.ico,老k捕鱼达人游戏下载【p676.com】在游戏机畅行的年代，捕鱼达人游戏机每次有人打的时候都可以围着很多人。现在如果有朋友需要一起出外玩，除了看电影吃饭，没有其他的娱乐项目时我们可以考虑去玩游戏机捕鱼达人，两个人还可以比一下谁更厉害，增进一下两人之间的感情。,http://www.spjc8.com,视频教程网,2021-08-05,影视视频
,,http://p.meizhou.com,梅州信息港电影频道,2021-08-05,影视视频
https://www.mgtv.com/favicon.ico,芒果TV-大家都在看的在线视频网站-热门综艺最新电影电视剧在线观看,http://list.hunantv.com,芒果TV - 综艺频道,2021-08-05,影视视频
,,http://movie002.com,电影小二网,2021-08-05,影视视频
http://votianxia.com/apple-touch-icon.png,厦门沃天下文化传媒有限公司成立于 2012 年，是一家业务发展多元化的文化传媒中大型投资企业，公司专注于影视、媒体的投资及企业营销、品牌的高效服务。,http://votianxia.com,沃天下 ,2021-08-05,影视视频
http://ymhui.com/logo.png,,http://ymhui.com,影迷惠,2021-08-05,影视视频
//static.inke.cn/s/images/favicon.ico,"映客直播,实时、高清、快捷、流畅的视频直播平台,中国全新的视频社交媒体,明星大咖、网络红人、时尚娱乐、高颜值、视频交友等尽在映客直播app",http://inke.cn,映客直播,2021-08-05,影视视频
http://bjjtd.com.cn/Public/images/favicon.ico,北京金天地影视文化股份有限公司成立于1996年，影视创作、生产、发行为核心业务，以“讲诚信、做精品、树品牌”的经营战略，逐渐发展成为在国内电视剧市场具有规模和良好品牌影响力的影视文化股份制企业。证券代码：430366 证券简称：金天地,http://bjjtd.com.cn,金天地,2021-08-05,影视视频
,笨虎导航，为用户提供海量的精彩网址，用更流畅、更快捷、更简洁的界面，带你去发现多彩的世界。,http://tv.8090.so,8090电视剧,2021-08-05,影视视频
http://xcmall.cn/favicon.ico,,http://xcmall.cn,西瓜吉吉影音,2021-08-05,影视视频
,玖玖玖影院-14-19年中文建站记录-百度首页收录-百度历史权重4,http://www.d9k99.com,玖玖玖影院,2021-08-05,影视视频
http://baodingfilm.com/favicon.ico,扎金花下载是一款网络版电子游戏，【p676.com】有自己的专职平台网站，mg摆脱电子游戏一直秉承公平诚信的理念服务于广大网络游戏玩家，为是每个热爱游戏的玩家提供周到贴心的服务，这个平台是由全球游戏行业的精英打造而成的金牌游戏团队，让所有进入该网站的游戏玩家都能得到最有趣的游戏体验。,http://baodingfilm.com,金棕榈先天下国际影城,2021-08-05,影视视频
,,http://blog.const.net.cn,喝小酒的网摘,2021-08-05,影视视频
,,http://www.hengdianfilm.com,横店电影城,2021-08-05,影视视频
,我爱广场舞教学网搜罗最新最全的动动、周思萍、茉莉、云裳、紫蝶、杨艺等热门广场舞专辑，以及广场舞小苹果、火火的姑娘、今夜舞起来、爱的世界只有你、荷塘月色、山里红、套马杆、老婆最大、最炫民族风等各类最新最流行的广场舞蹈视频在线观看，普及广场舞，全民健身新时尚！,http://5igcw.com,我爱广场舞,2021-08-05,影视视频
,糖豆广场舞手机软件，由广场舞平台糖豆网发布，糖豆APP提供一键高速下载离线观看、慢速播放等多项核心功能，用手机也能更方便的观看最新最全广场舞视频教程,http://movie.tangdou.com,糖豆网-电影频道,2021-08-05,影视视频
,"影侠网(yx-w.com)免费提供2345影视大全高清版最近最新热门好看的2345高清电影、综艺、动漫、免费版全免费观看,排行榜上好看的武侠电影电视剧在线播放,还有大量的最新好看的韩剧在线点播。",http://yx-w.com,影侠网,2021-08-05,影视视频
,"赚生活邀请码在哪里找？输入557799 //官方APP下载注册即成为合伙人,惊喜好物，每天实时更新！",http://mangguotv.cc,芒果TV影视,2021-08-05,影视视频
,,http://4dy.cc,第一放映室,2021-08-05,影视视频
,"提供最新好看在线新版免费观看，无删减电影在线,2020高分电影高分烧脑剧,在线免费看电影,今年最好看的电影排行榜,高清无码电影在线，电影天堂，免费百度云，免费电影在线，在线影院，最热门电视剧美剧日韩剧，高清热门电影电视剧综艺，电影天堂迅播影院在线。",http://17kzy.com,一起看综艺,2021-08-05,影视视频
https://www.pxdy.cc/statics/img/favicon.ico,破晓电影网为您提供最新好看的高清极速电影、电视剧、动漫、有趣的综艺娱乐节目等，破晓电影网给您提供简洁快速的观看网站。,http://pxdy.cc,破晓电影网,2021-08-05,影视视频
http://v.7192.com/favicon.ico,,http://v.7192.com,全影视频,2021-08-05,影视视频
,Start using this domain right away. Straightforward domain shopping experience. Quick access to your domain.,http://cqume.com,重庆UME电影网站,2021-08-05,影视视频
,,http://xubo.cc,续播影院,2021-08-05,影视视频
http://www.zimuku.cn/favicon.ico,"天富代理主管【扣+958337】从业多年,提供天富平台官网注册链接，测速登录网址等服务,感谢支持!",http://www.zimuku.cn,字幕库,2021-08-05,影视视频
,"域名,万网域名",http://jxvdy.com,金象微电影网,2021-08-05,影视视频
http://kktv6.com/public/img/favicon.ico,,http://kktv6.com,KK直播 ,2021-08-05,影视视频
http://www.yunpp.com/Upload/20200730/202007301824432910.ico,"恒耀,【花生QQ:447777788】恒耀官网,恒耀登陆,恒耀官方,恒耀登录,恒耀登录,恒耀平台开户,恒耀测速,恒耀总代,恒耀平台测速",http://yunpp.com,云鹏,2021-08-05,影视视频
,贵州金沙赛瑞机器设备有限公司-11-19年有建站记录-百度首页收录-百度历史权重4-桔子高评分,http://memexie.com,悟空高清,2021-08-05,影视视频
,,http://zlmovie.com,自力电影院,2021-08-05,影视视频
,,http://kankantv.cc,看看影院网,2021-08-05,影视视频
,"1080高清直播吧提供2021欧洲杯直播和欧洲杯赛程表,NBA直播,NBA直播吧,足球直播,英超直播,CCTV5在线直播,CBA直播,英超直播,NBA在线直播,NBA视频直播,等体育赛事直播,我们努力做最好的直播吧.",http://1080pdy.com,1080P电影网,2021-08-05,影视视频
http://www.zyshow.net/images/favicon.ico,"综艺秀 - 为您提供最新最全台湾综艺节目信息.您可以查看各台湾综艺节目播出的日期、节目主题、节目来宾嘉宾等内容.台湾综艺节目类型有谈话综艺,周末综艺,行脚旅游,时尚女人,美食料理,新闻综合,音乐选秀,中韩热门综艺等",http://www.zyshow.co,综艺秀,2021-08-05,影视视频
,,http://www.linmon.cn,柠檬影视,2021-08-05,影视视频
//img.sedoparking.com/templates/logos/sedo_logo.png, ,http://hdwo.net,海盗湾中文网,2021-08-05,影视视频
,⚽cp9电子⚽【欧洲杯买球指定网址→3652000b.com】出款速度快->Recovery included reducedshedding of virus.,http://tv.aiwenwo.net,新剧网,2021-08-05,影视视频
,人生05电影网,http://rs05.com,人生05电影网,2021-08-05,影视视频
,,http://hanjutv.com,韩剧TV网,2021-08-05,影视视频
,,http://a4yy.com,YY4480高清影院,2021-08-05,影视视频
,"中华广场电影城向来追求“做中国至TOP的电影院”的发展理念。拥有八个豪华影厅，其中1号厅302个座位、2号厅90个座位、3号厅126个座位、4号厅121个座位、5、6、7号厅164个座位，8号厅157个座位，座位数约1300个。汇聚了世界领先的高清晰数字影厅、3D多维立体影厅、4D动感影厅, 将满足影迷更高的观影需求，带给观众更精彩刺激的观影体验。",http://zhcinema.com,中华广场电影城,2021-08-05,影视视频
,,http://mc.aipai.com,MC我的世界中国第一玩家视频站 ,2021-08-05,影视视频
https://www.118bt.com/favicon.ico,"百通招商加盟网,百通招商加盟网提供招商加盟项目的加盟费用、加盟条件、优势支持和加盟条件等信息查询。",http://118bt.com,比特影库,2021-08-05,影视视频
,千图网(www.58pic.com) 是专注正版图片设计素材下载的网站！提供矢量图素材、背景图片素材、矢量图库、psd素材、字体模板、设计素材、PPT模板、视频素材、插画绘画、平面设计模板、Excel模板素材以及网页模板、网站设计素材、网页图标的下载服务。,http://zhutu.58pic.com,上千图主图视频,2021-08-05,影视视频
,西瓜影音播放器是一款提供本地高清播放和点播的多功能播放器软件，西瓜播放器本地播放支持RMVB、MKV、AVI、MP4等格式，加速点播可以极大加快用户点播速度，边下载边上传，畅想高清点播,http://www.xigua.com,西瓜影音,2021-08-05,影视视频
,华录百纳,http://www.hlbn.cc,华录百纳,2021-08-05,影视视频
//img.alicdn.com/tps/i1/TB1.aEgGFXXXXamXpXXnCBGGXXX-32-32.ico,,http://www.taopiaopiao.com,淘票票,2021-08-05,影视视频
http://static.jtv123.com/images/favicon.ico,聚直播为大家提供海量的、种类齐全的各类游戏主播、娱乐主播、明星主播，找你最喜欢的主播，就上聚直播官网下载聚直播APP！随时随地观看心爱的主播，关注主播的最新状态与资讯。聚直播APP收录了斗鱼、熊猫、战旗、虎牙、龙珠、全民、火猫、cc、触手、花椒、六间房等全网主播资源，涵盖游戏直播、美女直播、美女秀场、户外直播、体育直播、影视直播等高清流畅的直播内容。,http://www.jtv123.com,聚直播,2021-08-05,影视视频
,胡豆阅读小说网十年品牌沉淀！专注于小说封面制作，小说封面设计，小说封面素材图片库。汇聚全网顶尖封面美工，打造全球独家品牌影响力的小说封面一站式服务平台！,http://luxinyingcheng.com,鲁信影城官方网站,2021-08-05,影视视频
//dlweb.sogoucdn.com/translate/favicon.ico?v=20180424,搜狗视频，拥有全网更新更热视频内容。为用户提供高清电影、电视剧、动漫、综艺等视频在线观看，以及视频搜索等服务,http://movie.sogou.com,搜狗影视,2021-08-05,影视视频
,,http://kids.lekan.com, 乐看儿童 ,2021-08-05,影视视频
http://mtkdy.com/ /static/images/favicon.ico,冰阔落导航提供最快捷的资源平台，让你迅速找到想要的资源，准确又方便快捷,http://mtkdy.com,365days高清电影网,2021-08-05,影视视频
,"淘梦，专业的数字内容创新平台。以“数据+人才”为基石，集合互联网影视策划、出品、制作、宣传、发行、孵化、衍生开发等优势能力和资源于一体。目前旗下包括淘梦影业、淘梦银河、淘梦星火、淘梦文学、淘梦华元（横店）、美亚淘梦（香港）等子公司。
代表作品：《大蛇》、《道士出山》系列、《大明锦衣卫》系列、《血战铜锣湾》系列、《超级大山炮》系列、《斗战胜佛》系列、《黄飞鸿之南北英雄》系列、《齐天大圣·万妖之城》、《降龙大师》等。
",http://tmeng.cn,淘梦网,2021-08-05,影视视频
,See related links to what you are looking for.,http://goyeah.com,Goyeah,2021-08-05,影视视频
,,http://gaoqingkong.com,高清控联盟,2021-08-05,影视视频
,,http://www.miaobolive.com,喵播,2021-08-05,影视视频
,"大洋岛素材是中国高端设计素材分享网站，提供平面设计、图标,、样机Mockups、PPT模板、PS工具,、英文字体、海外设计欣赏等海外专业设计素材资源。大洋岛素材致力于做中国最好的素材网，素材中国尽在大洋岛素材。",http://dydao.com,大洋岛娱乐论坛,2021-08-05,影视视频
http://www.01tingshu.com/html5_blue/images/favicon.ico,"01听书网收录了中外神话故事,包括有中国神话故事,希腊神话故事,民间传说故事,北欧神话等,在这里您可以了解各种神话人物和故事,查看神话故事的成语,领略到传承几千年的艺术文化魅",http://01tingshu.com,01听书网,2021-08-05,影视视频
,103电影网为您提供最近上映的最新电影下载，包括科幻电影，动作电影，古装电影，武侠电影，爱情电影，喜剧电影，恐怖电影，经典电影，韩国电影，欧美电影，香港电影一切电影尽在放放电影103电影网,http://1-03.com,103电影网,2021-08-05,影视视频
http://bestxl.com/favicon.ico,"老调网提供最新高清电影在线观看，人人美剧,爱美剧,天天美剧在线观看，是优秀的免费电影网站。",http://bestxl.com,老调网,2021-08-05,影视视频
,,http://haoqu.net,好趣网,2021-08-05,影视视频
,"电影网址大全提供快播电影网站快播资源下载,人工筛选,绿色无毒,安全可靠,是最专业最好的快播QVOD电影导航",http://19mt.com,电影网址大全,2021-08-05,影视视频
,See related links to what you are looking for.,http://liangzijie.com,量子界,2021-08-05,影视视频
,长影世纪城是中国第一家世界级电影主题娱乐园，是长影改革、二次创业的标志性工程。在上个世纪末，在新的历史条件下，中国电影业遇到了来自社会主义市场经济等多方面的严峻挑战，被誉为新中国电影摇篮的著名的长影制片厂，也面临着前所未有的生存和发展的困境。,http://changying.com,长影世纪城,2021-08-05,影视视频
http://coastalcitycinema.com/favicon.ico,,http://coastalcitycinema.com,海岸影城,2021-08-05,影视视频
,"视频服务平台,提供视频播放,视频发布,视频搜索,视频分享",http://jilupian.tudou.com,土豆纪实,2021-08-05,影视视频
,"视频服务平台,提供视频播放,视频发布,视频搜索,视频分享",http://edu.tudou.com,土豆成长,2021-08-05,影视视频
,"视频服务平台,提供视频播放,视频发布,视频搜索,视频分享",http://imake.tudou.com,土豆原创,2021-08-05,影视视频
,"视频服务平台,提供视频播放,视频发布,视频搜索,视频分享",http://news.tudou.com,土豆热点,2021-08-05,影视视频
,"视频服务平台,提供视频播放,视频发布,视频搜索,视频分享",http://zy.tudou.com,土豆综艺频道,2021-08-05,影视视频
//cdnfile.imifun.com/www/ivp/style/img/imifun.ico,艾米直播是美女真人在线直播平台，是美女主播的视频秀场。在这个美女秀场，您不仅能观看美女视频直播，还能参与美女在线交友直播和美女互动直播，直接与美女主播进行视频聊天。,http://www.imifun.com,艾米直播,2021-08-05,影视视频
//s0.weiqitv.com/static/favicon.png,,http://weiqitv.com,围棋TV,2021-08-05,影视视频
,,http://www.voole.com,优朋普乐,2021-08-05,影视视频
,"乐视纪录片频道为您提供国内外最精彩的纪录片视频,具体包括探索、历史、军事、人物、社会、文化等内容。乐视视频致力于打造最权威的纪录片视频平台。",http://jilu.letv.com,乐视纪录片频道 ,2021-08-05,影视视频
,峰峰视频是峰峰信息港旗下特色栏目，主要包括峰峰新闻联播、峰峰视频新闻、百姓舞台、天气预报、网友分享等精彩栏目。,http://v.fengfeng.cc,峰峰视频 ,2021-08-05,影视视频
,,http://www.chinavideos.net,中国视频网,2021-08-05,影视视频
,影乐酷是一个中文影视资料库平台，为用户提供最新电影介绍、剧情、剧照、演员表、票房、正片、预告片视频等影视资料在线服务。在这里可以对感兴趣的电影评分、发表影评等兴趣互动，记录你的影视生活！,http://www.yingleku.com,影乐酷,2021-08-05,影视视频
,"拍客网,专业的拍客视频社区,汇聚全网热门拍客头条。拍客网包括拍客现场、民间好声音、高手在民间、街拍视频、生活VLOG等。记录生活,传递快乐。 ",http://paikew.com,拍客网,2021-08-05,影视视频
http://www.175cinemas.com/template/moban07/statics/img/favicon.ico,"175影音影院提供最全的2020最新电影,百度影音电影网站以及各种好看的电视剧、动漫、综艺的在线观看,在线观看分为普通视频模式和百度影音高清播放模式,每天及时更新,放送最新好看的免费电影电视剧。",http://175cinemas.com,17.5电影院官网,2021-08-05,影视视频
,淘宝网 - 亚洲较大的网上交易平台，提供各类服饰、美容、家居、数码、话费/点卡充值… 数亿优质商品，同时提供担保交易(先收货后付款)等安全交易保障服务，并由商家提供退货承诺、破损补寄等消费者保障服务，让你安心享受网上购物乐趣！,http://cps.youku.com,优酷院线,2021-08-05,影视视频
http://www.bonafilm.cn/favicon.ico,博纳影业集团,http://www.bonafilm.cn,博纳影业,2021-08-05,影视视频
https://www.doupai.cc/favicon.ico,简单操作快速上手，海量视频模版一键玩转！创意广场合拍随意组合！用逗拍，人人都能轻松作出创意视频，你的逗趣视频制作神器，让视频创作更简单！,http://www.doupai.cc,逗拍,2021-08-05,影视视频
,影视资讯第一门户站:::gi301.com:::提供最新影视资讯、剧情介绍，电视直播和相关电影和电视剧演员表、影视歌曲、明星资料介绍等等,http://g312.com,G312剧情网,2021-08-05,影视视频
,看视频学钓鱼不必东奔西走，您所需的一切，爱钓网皆有！这里有千万全国钓友分享、爱钓网倾情整理的目前最全最新的钓鱼视频大全，包括了四海钓鱼、快乐垂钓频道等知名钓鱼视频全集。,http://shipin.aidiao.com, 爱钓网钓鱼视频大全,2021-08-05,影视视频
,新南国电影管理机构始建于2002年，最初只有新南国影城一家影城。至2010年为已发展成为管理着深圳、惠州、海口、盐城、南京、天津、杭州等10家星级高档影城的连锁电影管理机构，成员店仍然在不断增加。新南国电影管理机构创造的总票房高达五亿元人民币，其中新南国影城的总票房超过两亿，并连续三年蝉联全国单座票房第一桂冠。,http://jgh.nsmovie.com,南国影城（深圳金光华）,2021-08-05,影视视频
,深圳太平洋影城,http://sztpy.com.cn,深圳太平洋电影城,2021-08-05,影视视频
,"深圳热线成立于1997年,是深圳最早的地方门户网站,立足粤港澳大湾区,展示中国特色社会主义先行示范区风采.网站开设聚焦鹏城、深圳指南、人工智能、大数据、物联网、跨境电商、5G、直播、网红、娱乐、女性、汽车、电影、购物、旅游、教育、医疗等行业资讯频道.",http://film.szonline.net,深圳热线电影频道,2021-08-05,影视视频
,,http://aboutus.letv.com,乐视,2021-08-05,影视视频
,1616个人门户(原1616上网导航)为您提供自定义网址、实用查询、实时新闻、在线收藏夹、网盘存储、音乐试听、备忘录记事、股票基金等多种应用的一站式网址导航服务。,http://v.1616.net,1616视频,2021-08-05,影视视频
https://www.2340.cc/favicon.ico,"2340好看视频是一个免费的视频网站,主要视频内容包括，娱乐、综艺、片花、体育、游戏、搞笑、生活、旅游、财富、少儿、教育、时尚、汽车视频等最新视频资讯。",http://2340.cc,2340视频,2021-08-05,影视视频
,,http://ouou.com,偶偶网,2021-08-05,影视视频
,幸福蓝海—官方网站,http://www.omnijoi.com,幸福蓝海,2021-08-05,影视视频
,"百助电影网免费为您提供最新最清晰的高清电影、免费电影、手机电影资源.百助电影网力争成为最好的免费电影网站,6080,6080新视觉影院,6080电影网站,6080影院,6080电影,蓝雨,6080青苹果。",http://byzhu.com,迅雷电影网,2021-08-05,影视视频
,百度视频搜索是业界领先的中文视频搜索引擎之一，拥有海量的中文视频资源，提供用户满意的观看体验。在百度视频，您可以便捷地找到海量的互联网视频，更有丰富的视频榜单、多样的视频专题满足您不同的视频观看需求。百度视频，你的视界。,http://movie.baidu.com,爱奇艺电影,2021-08-05,影视视频
,,http://www.xigo.tv,西瓜网,2021-08-05,影视视频
http://wangpiao.com/image/ico/favicon.ico,电影卡采购来网票网，网票网提供一站式服务，满足您的一切需求，提供购买团体电子码，电影卡采购，以及企业福利定制服务,http://wangpiao.com,网票网,2021-08-05,影视视频
,和讯财经公司频道，为您提供财经公司详尽的新闻资讯、经营数据、股权结构、公司关系等信息，方便您把握财经企业动向。,http://gongsi.hexun.com,和讯网公司频道,2021-08-05,影视视频
,乐视电影频道提供喜剧电影、爱情电影、伦理电影、恐怖电影、搞笑电影、微电影等国内外最新最热电影在线观看。搜索乐视最新电影排行榜，找你喜欢的电影吧！,http://movie.letv.com,乐视网电影频道,2021-08-05,影视视频
http://idy360.com/imgcn.ihuaben.com/ihuaben.ico,,http://idy360.com,哎呦电影,2021-08-05,影视视频
https://www.5694.com/skin/kehu002/images/favicon.ico,"5694美剧提供美剧排行榜前十名,好看的美剧推荐,经典美剧排行榜2017,有什么好看的美剧,伊甸园美剧下载,美剧迷天天最新美剧、最好看的美剧、高清大尺度美剧尽在美剧一站搜。 ",http://5694.com,5694美剧,2021-08-05,影视视频
https://9wyy.com/template/mb36/img/favicon.ico,"6080新视觉影院、a4yy、k8yy、YY影视、青苹果影院、首播影院、殇情影院、yy大片频道、4410电影、yy4410在线网站、6080、yy4410、yy6080、yy6090、yy4480,YY4410高清影院、首播影院、6080新视觉影院、6090青苹果影院、殇情影院、a4yy、6080、yy6080、yy6090",http://9wyy.com,9万影院,2021-08-05,影视视频
http://www.yunlaiwu.com/favicon.ico,云莱坞是原创剧本\小说\漫画交易专业平台，作者投稿、影视公司制片人征稿约稿、找编剧的专业网站，提供免费版权保护服务。,http://www.yunlaiwu.com,云莱坞,2021-08-05,影视视频
,,http://v.sun0769.com,阳光视频,2021-08-05,影视视频
https://www.bs028.com/statics/img/favicon.ico,"巴士影院-5年的专业迅播影院电影网，迅播官网提供高清画质电影,微拍福利视频,最新最火的视频短片,电影,电视剧在线无广告收看,网盘下载,也是迅雷看看在线点播新电影院影片的利器网站.",http://bs028.com,巴士影院,2021-08-05,影视视频
,阿里巴巴影业集团（HK：1060），是以互联网为核心驱动的影视实业公司，拥有内容生产制作、互联网宣传发行、衍生品授权及综合开发、院线票务管理及数据服务的全产业链娱乐平台，是阿里巴巴文化娱乐集团重要的垂直业务纵队。,http://alibabapictures.com,阿里影业官网,2021-08-05,影视视频
http://www.zhuiguang.com/wp-content/themes/wdboots/favicon.ico,,http://zhuiguang.com,追光动画,2021-08-05,影视视频
,"乐视电视剧频道提供最新电视剧在线观看。包括古装电视剧、战争电视剧、韩国电视剧等国内外好看的电视剧。搜索最新电视剧排行榜, 找你喜欢的电视剧吧！",http://tv.letv.com,乐视网电视剧频道,2021-08-05,影视视频
//www.9xiu.com/favicon.ico?id=1,"九秀美女秀场是集视频交友与美女在线表演为一体的视频交友网站,这里有美女视频直播、美女视频聊天、美女视频表演,看美女主播,与美女视频互动。九秀,一个美女如云网站!",http://www.9xiu.com,九秀美女直播,2021-08-05,影视视频
//img.tv.itc.cn/soimg/56favicon.ico,"56视频是搜狐旗下专业在线视频平台,提供正版高清电影、电视剧、综艺节目、纪录片在线观看,网罗最新最热新闻、娱乐视频资讯,实时直播各大卫视节目,同时提供免费无限的视频空间和视频分享服务.",http://video.56.com, 56热门视频,2021-08-05,影视视频
,本站是国内首家独立娱乐新闻网站，致力于报道全方位的明星资讯，曾率先报道陈晓旭出家等独家娱乐消息；与50多家娱乐媒体、300多位娱乐作者具有合作关系，提供最权威的华语娱乐新闻。,http://movie.67.com,电影频道-中国娱乐网,2021-08-05,影视视频
http://siyu88.cn/favicon.ico,,http://siyu88.cn,思雨电影网,2021-08-05,影视视频
//s.wasu.cn/portal/favicon.ico,华数TV网电影频道提供电影大片在线观看和下载服务，是海量正版高清电影在线播放平台，向网友提供好看的电影、欧美电影、日韩电影、华语电影以及经典电影在线点播服务。,http://movie.wasu.cn,华数TV电影频道,2021-08-05,影视视频
,${sitemap.description},http://www.cqkjg.cn,重庆科技馆,2021-08-05,影视视频
,,http://v.cqnews.net,华龙宽频,2021-08-05,影视视频
//sr1.pplive.cn/mcms/nav/images/favicon.ico,,http://movie.pptv.com,PPTV电影频道,2021-08-05,影视视频
//www.ainunu.com/images/nu.ico,,http://video.ainunu.com,爱努努绿色电影,2021-08-05,影视视频
,,http://www.ergengtv.com,二更影视平台,2021-08-05,影视视频
,,http://cnlive.com,视讯中国,2021-08-05,影视视频
,"CCTV-6中央电视台电影频道官网，提供CCTV6在线直播及电视节目表预告等服务。最专业的电影垂直网站,提供华语和海外多部大片的在线点播,关注多部影片的动态资讯,更有精彩的预告片和首映典礼视频抢先上网。",http://cctv6.cntv.cn,CCTV6-电影频道官网,2021-08-05,影视视频
,,http://player.baidu.com,百度影音,2021-08-05,影视视频
https://www.dolovely.net/wp-content/themes/begin/img/favicon.ico,剑吹白雪是一个怀旧武侠电影电视剧的个人博客，主要盘点武侠题材的电影和电视剧，并会做一些诸如豆瓣评分最高十部武侠电影这样的排行和大家分享。,http://dolovely.net,集影窝,2021-08-05,影视视频
,中视传媒股份有限公司注册于上海浦东，1997年在上海证券交易所挂牌上市（证券代码600088），在北京、江苏无锡、广东南海、浙江杭州四地设有分支机构。作为中央电视台控股的传媒类 A 股上市公司，中视传媒主营影视拍摄、电视节目制作与销售、影视拍摄基地开发和经营、影视设备租赁和技术服务、媒体广告代理等业务。,http://www.ctv-media.com.cn,中视传媒,2021-08-05,影视视频
,金鸡百花影城有着得天独厚的电影文化氛围，是历届中国金鸡百花电影节专家审片特设的专业影城，承接团体订票，包场，会议。,http://jjbhyc.com,金鸡百花影城(原影协影院),2021-08-05,影视视频
,"大狗狗影视(16私人影视),JJVOD影院在线观看涵盖最新电影,好看的电影,经典电影,电影推荐,免费电影,吉吉影音高清电影在线观看及海量最新电影图文视频私人影视资讯,看电影就上私人影视,大狗狗影视www.dgougou.com。",http://dgougou.com,大狗狗影视,2021-08-05,影视视频
,,http://v.ali213.net,游侠网弹幕视频站,2021-08-05,影视视频
http://www.61ertong.com/favicon.ico,六一儿童网是专注于为中国儿童提供服务的绿色门户网站。海量原创儿歌，儿歌视频，儿童歌曲MP3，儿童故事，儿童游戏，儿童舞蹈等非常精彩的内容，为广大的学龄前儿童打造一片纯净的网络天空！,http://movie.61ertong.com,六一儿童网儿童影院,2021-08-05,影视视频
,迅雷边下边播,http://vod.xunlei.com,边下边播,2021-08-05,影视视频
,"迅雷美文网汇集以古诗,爱情,亲情,友情,人生为主题的伤感情感美文网站,内含经典美文,哲理美文,伤感励志等美文欣赏,提供短篇故事,心情随笔日记,优美散文精选,现代诗歌大全,表白情书范文,好词好句好段摘抄大全等读者文摘在线阅读",http://xlpp.net,迅雷铺,2021-08-05,影视视频
https://static.qxiu.com/live/favicon.ico,齐齐直播汇聚了众多多才多艺的主播，包括女神、好声音、软妹子、型男等多种类型，可以进行高清流畅的直播表演、参与娱乐竞技活动等，用户可通过点歌、聊天、赠送虚拟礼物等多种方式与主播实时互动。,http://qxiu.com,齐齐互动视频,2021-08-05,影视视频
,,http://www.1kxun.com,千寻影视,2021-08-05,影视视频
,光明电视，视听节目荟萃，文化特色浓郁。,http://v.gmw.cn,光明网电视频道,2021-08-05,影视视频
,酷好简谱！,http://dy.kuhao360.com,360电影院,2021-08-05,影视视频
https://www.naiyou.cc/statics/img/favicon.ico,奶油网naiyou.cc为广大宅男提供2021最新上映的韩国电影，免费日本、香港、国产电影，经典高清美国大片等宅男光棍午夜无聊时手机在线看的有激情的福利电影，做更新最快无广告的光棍宅男福利视频影院。,http://naiyou.cc,奶油网,2021-08-05,影视视频
//sr1.pplive.cn/mcms/nav/images/favicon.ico,最新电影大全，PP视频为您提供免费热门高清最新电影在线播放。PP视频，一起玩出精彩！,http://list.pptv.com,PPTV聚力电影频道索引列表,2021-08-05,影视视频
,,http://movie.damai.cn,大麦电影,2021-08-05,影视视频
,TV.节目单 ,http://epg.tv.cn,中国电视网节目预告,2021-08-05,影视视频
//s.wasu.cn/portal/favicon.ico,华数TV网电视剧频道提供电视剧在线观看和免费无插件的流畅播放，向广大网友提供丰富多彩的内地电视剧、港台电视剧等热门电视剧、经典电视剧在线免费点播服务。,http://dianshiju.wasu.cn,华数TV网电视剧频道,2021-08-05,影视视频
,"视频服务平台,提供视频播放,视频发布,视频搜索,视频分享",http://tv.tudou.com,土豆电视剧,2021-08-05,影视视频
//www.iqiyipic.com/common/fix/128-128-logo.png,IQIYI pcw ssr project,http://top.iqiyi.com,爱奇艺风云榜,2021-08-05,影视视频
,"电影天堂每天搜集最新电影,高清电影,720p高清电影,1080p高清电影,3D电影,蓝光原盘高清、高清3d高清、高清mv最新热门bt种子磁力链，免费迅雷下载。采用迅雷磁力链方式下载,免费手机电影电视剧就上bbaaa.com。",http://bbaaa.com,苹果手机电影网,2021-08-05,影视视频
//sr1.pplive.cn/mcms/nav/images/favicon.ico,,http://tv.pptv.com,PPTV电视剧频道,2021-08-05,影视视频
,"看看直播(原好TV直播吧)专一为您提供央视直播,各大卫视直播,各大影视直播,财经直播,体育直播,各大电视台综艺直播,国外电视节目,nba直播,nba录像,nba录像回放,提供最全的球赛录像回放",http://m.kankanzhibo.com,看看直播,2021-08-05,影视视频
,看吧影院、yy4480、YY4480高清影院、6080新视觉影院、万利达影院、青苹果影院、殇情影院、k8yy、yy6090、yy4138、yy4410、yy6042、yy6080、免费高清影视在线观看,http://k8yy.com,YY4410高清影院,2021-08-05,影视视频
//dlweb.sogoucdn.com/translate/favicon.ico?v=20180424,搜狗视频，拥有全网更新更热视频内容。为用户提供高清电影、电视剧、动漫、综艺等视频在线观看，以及视频搜索等服务,http://video.sogou.com,搜狗视频,2021-08-05,影视视频
https://imglf5.lf127.net/img/bGhYY1VhNTd4b0ppY0p1WlZnMVh2UlNmaGMvV1ZkMUFkWnIzY2hwMkpXZ1VBaUUxU09ISDh3PT0.jpg?imageView&thumbnail=16x16&quality=90&type=jpg,,http://jasonstatham.lofter.com,斯坦森经典电影全集,2021-08-05,影视视频
,,http://omnijoi.cn,幸福蓝海国际影城官网,2021-08-05,影视视频
,,http://v.gdtv.cn,荔视频,2021-08-05,影视视频
http://aiqiyivip.com/Public/17gme/img/favicon.ico,乐享网，神马影院，神马电影网，韩国电影、最新电视剧在线观看，手机看电影、电视剧就上乐享电影网。,http://aiqiyivip.com,乐享网,2021-08-05,影视视频
,广场舞地盘-一个大型的广场舞视频大全交流资源下载网站，收录最新最全的广场舞教学视频，最新视频第一时间发布，并提供免费的视频、MP3舞曲下载，设有各大知名舞队和热门舞曲视频专辑，寻找视频更方便简单。,http://gcwdp.com,广场舞地盘,2021-08-05,影视视频
,,http://189mv.cn,院线通,2021-08-05,影视视频
//www.iqiyipic.com/common/images/logo.ico,爱奇艺商城是国内首家以影视剧为依托，提供热门的影视剧、动漫的明星服装，周边商品的在线购买服务；正品低价、配送及时、放心购物。,http://mall.iqiyi.com,爱奇艺商城,2021-08-05,影视视频
,"二人转-分享东北二人转搞笑全集视频,与您一起分享最全的在线二人转视频，以及赵本山、小沈阳、魏三、孙小宝、刘小光等优秀东北二人转演员的相关信息",http://errenzhuan.cc,二人转网,2021-08-05,影视视频
,6v电影（www.6vw.cc），每天为广大网友搜集最新的电视剧和电影的资源下载，以及好看的电影、电视剧、综艺、动漫等迅雷下载，下载电影电视剧就上www.6vw.cc。,http://www.6vhao.tv,6v电影,2021-08-05,影视视频
,"域名,万网域名",http://mysilu.com,思路高清影视,2021-08-05,影视视频
,"剧奇吧,打造最新电视剧分集剧情和热播剧情介绍网站,提供电视剧分集剧情介绍,全集剧情简介,大结局剧情,看分集介绍,就上分集剧情网!",http://bjxyxd.com,分集剧情网,2021-08-05,影视视频
,最新官网a6780s电影天堂(www.a6780s.com)为广大网友提供最新电影下载、a6780s电影天堂高清电影迅雷下载和mp4下载，最新好看的电影下载首选a6780s电影天堂！,http://a6780s.com,A67手机电影,2021-08-05,影视视频
//img.mgtv.com/imgotv-channel/6.1.8/pcweb-head/favicon.ico,提供湖南卫视国际频道、湖南经视、湖南都市、湖南娱乐、快乐购等湖南广电电视节目的直播服务。,http://live.imgo.tv,芒果TV直播频道,2021-08-05,影视视频
https://wowody.net/favicon_io/favicon.ico,,http://wowody.net,窝窝电影网,2021-08-05,影视视频
,酥皮云解析点播提供在线平台供大家播放BT种子电影免费在线云点播，迅雷云播放网页版使您在无需下载完电影，即可观看。,http://hdmyjob.com,酥皮云点播,2021-08-05,影视视频
,今日影讯、票价、在线票务、影片推荐、影院介绍，服务热线：010-64329884。枫花园汽车电影院是全国首家坐在汽车里欣赏影片的绿色汽车电影院。目前，影院有四个3D场，其中有一块25米宽的露天巨幕，每晚可在东三环边的第三使馆区旁的都市环抱的山水绿荫环境中感受清风、明月、繁星下的森林空气，与您的家人和朋友一起观看高保真、高清晰，更具震撼力的巨幕电影。,http://drive-in.com.cn,枫花园汽车影院官方网站,2021-08-05,影视视频
,,http://v.2345.com,2345影视大全,2021-08-05,影视视频
,"视频服务平台,提供视频播放,视频发布,视频搜索,视频分享",http://movie.tudou.com,土豆电影,2021-08-05,影视视频
,优酷会员-会员可享包含点播节目5折扣优惠、 视频免广告、上万小时付费节目免费看和各类享生活服务,http://vip.youku.com,优酷会员,2021-08-05,影视视频
https://www.meijuba.net/favicon.ico,天天美剧网提供海量高清好看的美剧，最新美剧在线观看，美剧排行榜前十名推荐。美剧吧第一时间为广大美剧迷推荐精彩好看的天天美剧节目。,http://meijuba.net,天天美剧网,2021-08-05,影视视频
,乐视综艺频道为您提供国内外最新最火爆的综艺视频。乐视综艺视频包括综艺选秀节目、访谈节目、脱口秀节目视频等。乐视视频致力于打造最权威的综艺视频资讯平台。,http://zongyi.le.com,乐视综艺,2021-08-05,影视视频
http://feidieshuo.com/static/images/favicon.png,,http://feidieshuo.com,飞碟说,2021-08-05,影视视频
,,http://ikuaishou.com,快手看片,2021-08-05,影视视频
,嘉禾院線於香港經營多間戲院，並不斷提升觀影設備，如率先引入D-BOX動感座椅，為觀眾帶來全新電影體驗。嘉禾院線亦勇於創新，為全港首家戲院直播2010世界盃，開創電影院直播特備節目的先河。此外，亦一直與不同機構合作，致力舉辦慈善電影放映會等活動回饋社會，亦積極舉辦多個文化活動，希望把戲院打造成多元文化空間。,http://www.goldenharvest.com,嘉禾院线,2021-08-05,影视视频
http://video.xunlei.com/favicon.ico,"迅雷影音官方网站,提供最新版本的迅雷影音下载,视觉性能双重提升,百种格式,超清流畅播放,打造您的专属影音宝库！",http://video.xunlei.com,迅雷影音,2021-08-05,影视视频
https://www.sd235.net/favicon.ico,"中国优秀商业配音平台,配音服务网站,专业朗诵配音网,配音工作室,有几万条样音，几千个播音老师供选择。提供录音制作,专题配音,广告配音,外语配音网,广告配音公司,专题片配音公司,宣传片配音公司首选深度配音网,配音网是口碑最佳的配音公司,宣传片配音,广告片配音,外语小语种配音,粤语配音,音乐音效,翻译,动漫配音等各类专业的配音服务。",http://sd235.com,深度素材网,2021-08-05,影视视频
http://yixia.com/favicon.ico,,http://yixia.com,一下科技,2021-08-05,影视视频
http://ttkvod.com/template/mytheme/statics/image/20210102/4914e239c.ico,"无广告在线观看电影和电视剧服务，及时收录最新、最热、最全的电影大片,高清正版免费看",http://ttkvod.com, 天天看播放器官方下载站,2021-08-05,影视视频
,移动 手机 智能终端 app 手机电视 iso 安卓 客户端 旗舰版 5+,http://cbox.cntv.cn,CBox央视影音,2021-08-05,影视视频
,酷爱多人视频聊天室是一款免费的ktv视频聊天软件，有同城聊天室，交友聊天室等房间，网上卡拉OK，展现优美歌喉就来酷爱多人视频聊天室吧！,http://room.9158.com,9158多人视频聊天室,2021-08-05,影视视频
https://s2.ssl.qhimg.com/static/121a1737750aa53d.ico,,http://video.so.com,360影视,2021-08-05,影视视频
,ZOL视频提供大量原创视频，包括科技节目视频、时尚新品视频、IT大事件视频、风云人物视频、展会活动视频、校园行、网友聚会等原创视频，周周新内容，期期都精彩尽在ZOL视频频道,http://v.zol.com.cn,ZOL视频,2021-08-05,影视视频
,"视频服务平台,提供视频播放,视频发布,视频搜索,视频分享",http://gongyi.youku.com,优酷公益平台,2021-08-05,影视视频
http://a67.com/template/conch/asset/img/favicon.png,"a67手机电影网站,原a67.com手机电影网.专业压制3gp格式和mp4格式的电影,电视剧,动漫,综艺,音乐,短片以及ipad专用的mp4高清电影.免费下载手机电影和手机视频就上a67.com",http://a67.com,A67手机电影网,2021-08-05,影视视频
http://v.duba.com/favicon.ico,,http://v.duba.com,金山影视,2021-08-05,影视视频
,短视频创作就来微视，录制精彩视频，分享不一样的视界！潮酷特效，多彩贴纸，高清美颜，动感音乐，无限创意由你造！,http://weishi.com,微视,2021-08-05,影视视频
https://cinephilia.net/wp-content/uploads/2020/09/image-90x90.jpg,,http://cinephilia.net,Cinephilia影迷网,2021-08-05,影视视频
https://www.laihua.com/favicon.ico,来画是有创意的AI动画短视频制作平台，仅需几张图片，几段文字和声音简单组合，即可在短时间内生成一个有趣的动画短视频。丰富视频模板素材免费用！对于企业用户，还有动画高端定制服务。,http://www.laihua.com,来画,2021-08-05,影视视频
,hao123是汇集全网优质网址及资源的中文上网导航。及时收录影视、音乐、小说、游戏等分类的网址和内容，让您的网络生活更简单精彩。上网，从hao123开始。,http://live.hao123.com,电视直播_hao123影视,2021-08-05,影视视频
https://33tv.com.cn/favicon.ico,33网，2012FSa指定视频媒体,http://33tv.com.cn,33网,2021-08-05,影视视频
,,http://ainunu.com,爱努努,2021-08-05,影视视频
,分享自媒体行业信息、短视频及小视频等行业资料,http://qiqusp.com,奇趣视频网,2021-08-05,影视视频
//s.wasu.cn/portal/favicon.ico,华数TV全网影视是三网融合平台下的综合视频网站。提供全网热门电影、电视剧，少儿动漫、综艺娱乐、求索纪录片、体育资讯、3D、VR、高清电视直播等在线视频点播直播和下载业务。 ,http://live.wasu.cn,华数TV网直播频道,2021-08-05,影视视频
//dlweb.sogoucdn.com/translate/favicon.ico?v=20180424,"搜狗视频，视频聚合平台，拥有全网更新更热视频内容。为用户提供高清电影,电视剧,动漫,综艺等视频在线观看，以及视频搜索等服务",http://tv.sogou.com,搜狗影视,2021-08-05,影视视频
,,http://v.360.cn,360影视,2021-08-05,影视视频
,,http://news.youku.com,优酷资讯频道,2021-08-05,影视视频
,,http://xin3721.com,xin3721视频教程网,2021-08-05,影视视频
http://xiaokaxiu.com/favicon.ico,,http://xiaokaxiu.com,小咖秀官网,2021-08-05,影视视频
,PSP电影预告_手机电影预告_MP4_iPad。。,http://verypsp.com,V游网,2021-08-05,影视视频
,百度视频搜索是业界领先的中文视频搜索引擎之一，拥有海量的中文视频资源，提供用户满意的观看体验。在百度视频，您可以便捷地找到海量的互联网视频，更有丰富的视频榜单、多样的视频专题满足您不同的视频观看需求。百度视频，你的视界。,http://v.baidu.com,百度视频,2021-08-05,影视视频
,,http://v.china.com.cn,视频中国,2021-08-05,影视视频
,仅需5M，安全播放所有视频，强大到极致，绿色无插件，字幕匹配最智能精准。采用最新DirectX硬件加速技术，特有画面增益，清晰播放720p、1080p高清。是真正属于中文用户的开源播放器。 比暴风影音、风雷影音、快乐影音、超级解霸、PowerDVD、酷热还牛，智能解码、广告拦截、痕迹清理、收藏管理，完全免费、无插件，华军、天空、中关村在线、新浪、搜狐、讯雷、电驴、BT、免费下载，播放稳定、高质量、占用内存少，听音乐、看电影、在线播放，支持所有流行格式AVI RM mpg mpeg4 rmvb dvd realone realplay quicktime等上百种格式。 ,http://splayer.org,射手影音播放器SPlayer_官方网站,2021-08-05,影视视频
http://xiaoying.tv/favicon.ico,"VivaVideo is a full-featured Video Editor for Android & IOS, with all video editing features: cut/ trim/ crop/ merge video, add music/ text/ transitions/ glitch effect...",http://xiaoying.tv,小影,2021-08-05,影视视频
//s3.bytecdn.cn/ies/static/image/huoshan/logo/favicon.png,火山小视频品牌升级，抖音火山版现已全新上线。在这里，你不仅能够看到更大的世界，还能被更大的世界看到。在这里，你不仅能表达观点，还能交到更多志同道合的朋友。,http://www.huoshan.com,火山小视频,2021-08-05,影视视频
,KK平台聚集了很多的娱乐美女，每一个艺人的精彩活动，平台都会给予节目预告，让用户绝不错过任何精彩活动。当然KK平台的最大庆典就是KK年度盛典，这样的大型庆典千万不能错过哦！,http://kktv1.com,KK唱响,2021-08-05,影视视频
,,http://jycinema.com,金逸国际影城,2021-08-05,影视视频
https://www.ewang.com/favicon.ico,光线传媒（ENLIGHT MEDIA）成立于1998年，经过19年发展，已成为中国最大的民营传媒娱乐集团 。主营业务包括电视节目制作与发行，电影投资、制作、宣发，电视剧投资、发行，艺人经纪，新媒体互联网、游戏等。,http://ewang.com,E视网,2021-08-05,影视视频
//vip.1905.com/favicon.ico,1905 电视剧 电影,http://vip.1905.com,1905WOW剧场,2021-08-05,影视视频
,"搜狐新韩线,总在韩娱第一线,韩国明星最新最快的报道,独家采访,独家视频等",http://korea.sohu.com,搜狐韩娱,2021-08-05,影视视频
,百事影院为您提供最新好看的电视剧，好莱坞电影大片推荐及免费高清下载，动作片、喜剧片、爱情片、科幻片、动漫、综艺等，精心为你整理收集了众多影迷喜欢的内容，更多精彩尽在百事影院！,http://baishixi.com,百事影院,2021-08-05,影视视频
https://zhangweishihundan.com/favicon.ico,『爱情公寓』特别站,http://zhangweishihundan.com,张伟是混蛋,2021-08-05,影视视频
,网易视频频道是集新闻、娱乐、网络视频、原创自拍、时尚生活、纪录片、影视剧、访谈等内容于一体的综合性视频资讯门户站点。主要产品包括：视频点播、视频直播、嘉宾访谈、易周刊、精彩电视节目、广电媒体联盟、首映剧场等,http://v.news.163.com,网易视频频道,2021-08-05,影视视频
,"河南豫剧网（00394.net)提供河南戏曲大全—河南豫剧全场戏,安徽民间小调全集,河南坠子,河南曲剧,梨园春戏曲小品,河南越调等河南戏曲在线观看。",http://00394.net,河南豫剧网,2021-08-05,影视视频
,,http://cctv.cntv.cn,CCTV央视网,2021-08-05,影视视频
,云帆招聘网（http://www.yunfan.com）大品牌的招聘网站，规模大信息真实的专业招聘网站，最新招聘信息，找工作，上云帆招聘网!,http://yunfan.com,云帆搜索,2021-08-05,影视视频
http://cgv.com.cn/favicon.ico,Web site created using create-react-app,http://cgv.com.cn,CGV星聚汇影城,2021-08-05,影视视频
,"视频服务平台,提供视频播放,视频发布,视频搜索,视频分享",http://movie.youku.com,优酷电影频道,2021-08-05,影视视频
http://static.cuctv.com/images/favicon.ico,,http://cuctv.com,视友网,2021-08-05,影视视频
,CIBN微视听成立于2009年，是目前最受欢迎的智能电视视频软件，海量蓝光高清资源，完美适配市面上主流智能电视、电视盒子。,http://91vst.com,VST全聚合官方网站,2021-08-05,影视视频
,,http://maxtv.cn,迈视网,2021-08-05,影视视频
https://www.bengou110.com/template/mytheme/statics/img/favicon.ico,"笨狗影院致力于打造2020年最新最全的电影电视剧网站，提供好看的电影和电视剧免费在线观看和下载,为喜欢看电影和电视剧的伙伴找寻国内外最新最火热的综艺节目，追剧看电影就上笨狗影院。
",http://bengou110.com,笨狗影院,2021-08-05,影视视频
http://www.taijuba.com/favicon.ico,"泰剧吧,国内专业泰国电视剧资讯平台,提供最新泰剧推荐、泰国电影、好看的泰国电视剧排行榜、 经典泰剧泰国电影、泰国旅游百科知识、泰国饰品、服饰风俗介绍、泰剧主题曲片尾曲等泰剧资料，泰剧吧是泰剧迷、泰国迷们最喜爱的网上家园。",http://taijuba.com,泰剧吧,2021-08-05,影视视频
//rs2.huanqiucdn.cn/huanqiu/image/www/common/favicon1.ico,视频频道具有丰富多样的视频内容，具有环球资讯、环球社会、高端人物访谈等内容版块和高品质的国际、国内视频。,http://v.huanqiu.com,环球网视频,2021-08-05,影视视频
,获得场景视频（原CC视频），为企业提供一站式云视频服务平台，云直播，云点播，云课堂，网校系统，云加速，为企业提供教育直播、医疗直播、金融直播、企业直播培训等视频云解决方案,http://bokecc.com,CC视频,2021-08-05,影视视频
,,http://funshion.com,风行网,2021-08-05,影视视频
http://tv.people.com.cn/img/MAIN/2018/09/118648/images/favicon.ico,人民网-人民电视人民电视人民网于1998年开始推出网上音视频节目，后专设多媒体频道，2007年更名为人民宽频频道，2008年推出人民播客，2010年3月人民电视开播。目前已经形成以新闻类视频节目为主，同时囊括文化、娱乐、体育、生活、社会等各类综合内容的业务格局。,http://tv.people.com.cn,人民网人民电视,2021-08-05,影视视频
//page.pearvideo.com/webres/img/favicon.ico,,http://www.pearvideo.com,梨视频,2021-08-05,影视视频
,,http://live.mi.com,小米直播,2021-08-05,影视视频
,短视频创作就来微视，录制精彩视频，分享不一样的视界！潮酷特效，多彩贴纸，高清美颜，动感音乐，无限创意由你造！,http://weishi.qq.com,微视,2021-08-05,影视视频
//vm.gtimg.cn/tencentvideo/vstyle/qqplayer/style/img/home/favicon.ico,十年期许，不负相遇，全新QQ影音焕新而来，视觉性能双重提升，视频音乐格式统统支持，看高清资源再也不卡了，初心不改，全能绿色的播放器，五星级的视听享受,http://player.qq.com,腾讯QQ影音,2021-08-05,影视视频
https://www.shooter.cn/icons/icon-48x48.png?v=bc0ccda3fe5da738348a3834f4df35d1,,http://shooter.cn,射手网,2021-08-05,影视视频
,,http://aoao365.com,傲视网,2021-08-05,影视视频
https://www.maizuo.com/favicon.ico,,http://maizuo.com,卖座网,2021-08-05,影视视频
https://www.54new.com/favicon.ico,教育网最大的资源分享网站,http://54new.com,燕子BT ,2021-08-05,影视视频
//www.jd.com/favicon.ico,,http://movie.jd.com,京东电影票,2021-08-05,影视视频
https://www.kankanwu.com/favicon.ico,看看屋提供最全的最新电视剧，2020最新电影，韩国电视剧、香港TVB电视剧、日本动漫、日剧、美剧、综艺的在线观看和剧集交流场所，西瓜影音在线观看高清电影，每天第一时间更新，放送好看的迅雷电影下载。,http://www.kankanwu.com,看看屋,2021-08-05,影视视频
https://www.vipfenxiang.com/favicon.ico,VIP分享网是一个免费分享各种会员账号的网站，我们不以营利为目的，分享、免费、互助是网站的服务宗旨，我们每天定时发布迅雷白金会员账号、爱奇艺会员账号、优酷网会员账号等等网站的VIP账号，您就是我们的VIP，请进！,http://vipfenxiang.com,VIP分享网 ,2021-08-05,影视视频
http://kan.sogou.com/img/favicon.ico,搜狗影视提供超好看的电影和电视剧。免费在线观看热播电影、电视剧、动漫、综艺及直播节目。每日更新正版高清影视资源，搜狗影视会给你不一样的观影体验！,http://kan.sogou.com,搜狗影视,2021-08-05,影视视频
https://movie.xunlei.com/fav.ico,迅雷电影是一个以影视内容为核心的影视资讯平台，汇集了时下最新电影的精选电影评论，提供最主流热门电影的影视资讯，更有海量高清热门影视内容在线观看。在这里，你可以自由分享观影见解，为喜欢的电影评分，和其他电影爱好者进行互动交流等。迅雷电影会根据您的喜好来做电影推荐，让你快速找到观影同好，享受更多观影乐趣。,http://movie.xunlei.com,迅雷看看电影频道,2021-08-05,影视视频
,"琅琊坊为您提供今日头条新闻，好看的电影免费迅雷下载和2021最新电视剧全集在线播放,欢迎观看最近上映电影、电视剧、动画片和综艺真人秀等高清完整版视频!",http://dy1000.com,第一影视,2021-08-05,影视视频
//img.alicdn.com/tps/i1/TB1.aEgGFXXXXamXpXXnCBGGXXX-32-32.ico,,http://dianying.taobao.com,淘宝电影,2021-08-05,影视视频
,,http://blu-raydisc.tv,蓝光电影,2021-08-05,影视视频
,"视频服务平台,提供视频播放,视频发布,视频搜索,视频分享",http://tv.youku.com,优酷电视剧频道,2021-08-05,影视视频
,爱剧情提供最新的电视剧分集剧情介绍、电影剧情介绍、明星个人资料，爱剧情-做专业的电视剧剧情网站。,http://ijq.tv,爱剧情,2021-08-05,影视视频
,"中国票房,专注于票房数据,提供电影日票房,周票房,年度票房,北美票房,全球票房,历史票房,排片数据",http://www.cbooo.cn,中国票房,2021-08-05,影视视频
//www.iqiyipic.com/common/fix/128-128-logo.png,IQIYI pcw ssr project,http://gongyi.iqiyi.com,爱奇艺公益,2021-08-05,影视视频
,爱学艺是一个专业的知识服务平台，平台入驻了财会、税务、金融、人力资源、法律、IT、互联网、婚姻情感、家居生活等行业专家，为用户提供专业的行业知识问答服务。,http://ixueyi.com,爱学艺,2021-08-05,影视视频
//www.iqiyipic.com/common/images/logo.ico,爱奇艺VIP是爱奇艺推出的会员增值服务，奢侈畅享上万部电影，囊括海量国内院线新片，覆盖好莱坞电影公司作品，获奖高分海外电影，众多全网独播网络电影。更有精彩会员活动，福利奖品拿到抽筋。,http://vip.iqiyi.com,爱奇艺VIP会员,2021-08-05,影视视频
https://dianying.fm/favicon.ico,dianying.fm,http://dianying.fm,电影FM,2021-08-05,影视视频
https://www.5dm.app/favicon.ico,"五弹幕/5DM，原名dilili/嘀哩哩弹幕网，被广大网友称为d站。以传递正能量为宗旨,致力于打造真正的二次元理想乡。嘀哩嘀哩弹幕网",http://5moe.com,5moe弹幕网,2021-08-05,影视视频
,,http://2011mv.com,夕阳小站,2021-08-05,影视视频
,,http://tv.idol001.com,爱豆TV,2021-08-05,影视视频
//www.hao123.com/favicon.ico,"Hao123影视大全为您提供最近好看的电视剧、电影、动漫、综艺节目推荐和排行榜并可在线免费观看百度影音伦理电影、动作片、喜剧片、爱情片、搞笑片高清下载等,高清视频电影网站尽在Hao123电影天堂。",http://v.hao123.com,Hao123影视,2021-08-05,影视视频
http://film.sohu.com/resources/img/favicon.ico,"全球最大中文门户网站旗下，中国顶级电影在线播放平台，集聚好莱坞电影，日韩电影，以及同步院线大片。24小时在线付费播放，蓝光画质、杜比音效,国内顶级视听享受。",http://film.sohu.com,搜狐影院,2021-08-05,影视视频
//www.hao123.com/favicon.ico,,http://movie.hao123.com,hao123电影,2021-08-05,影视视频
,"搞笑视频网站是一个纯搞笑微电影视频短片网站,内含搞笑美女,美女视频,美女图片,恶搞配音等笑死人经典搞笑短片,看后笑掉了大牙本站不负责哟！",http://gaoxiaovod.com,搞笑视频网站,2021-08-05,影视视频
//dlweb.sogoucdn.com/translate/favicon.ico?v=20180424,"搜狗视频，视频聚合平台，拥有全网更新更热视频内容。为用户提供高清电影,电视剧,动漫,综艺等视频在线观看，以及视频搜索等服务",http://v.sogou.com,搜狗影视,2021-08-05,影视视频
,,http://pmovie.com,拍电影网,2021-08-05,影视视频
,网易CC直播是网易推出的大型游戏娱乐直播平台，提供游戏直播、游戏视频、赛事直播、美女直播等。包括梦幻西游、大话西游、炉石传说、守望先锋、倩女幽魂、荒野行动、终结者2、决战平安京等游戏直播。,http://cc.163.com,网易CC直播,2021-08-05,影视视频
,随便找贷款网，一个专门的小额贷款网站，这里有最新的网贷口子、贷款口子、贷款软件介绍，这里有身份证贷款、支付宝芝麻分贷款、信用卡贷款、支付宝小额贷款等，不管你是信用良好还是黑户，只要想借钱和贷款来我们的贷款平台，让您最快借到钱贷到款，要借钱贷款请来随便找贷款网。,http://suibianzhao.com,随便找电影网,2021-08-05,影视视频
//www.iqiyipic.com/common/images/logo.ico,电影大全，好看的电影排行榜，爱奇艺提供热门丰富的电影，欢迎在线观看,http://list.iqiyi.com,爱奇艺好看的电影大全,2021-08-05,影视视频
,,http://cuplayer.com,酷播网页播放器官方网站,2021-08-05,影视视频
,舞蹈视频网是一个专业的舞蹈视频分享平台。包括广场舞、古典舞、民间舞、芭蕾舞、幼儿舞蹈、儿童舞蹈、舞蹈视频教学、舞蹈考级及舞蹈成品等诸多跳舞舞蹈视频大全，努力打造最大最专业的舞蹈视频欣赏及下载平台。,http://v.chinadance.cn,舞蹈视频,2021-08-05,影视视频
//pic0.iqiyipic.com/pc-suike/20200707/shortcut_suike_logo.png,,http://pps.tv,PPS网络电视官方网站,2021-08-05,影视视频
,央视网（www.cctv.com）由中央广播电视总台主办，是以视频为特色的中央重点新闻网站，是央视的融合传播平台，是拥有全牌照业务资质的大型互联网文化企业。秉承“融合创新、一体发展”的理念，以新闻为龙头，以视频为重点，以用户为中心，建成“一网一端多平台多渠道”融媒体传播体系。,http://tv.cntv.cn,央视网视频,2021-08-05,影视视频
,网易直播频道是集新闻、娱乐、体育、科技、原创节目、时尚生活、汽车、房产等内容于一体的综合性资讯直播平台。,http://v.163.com,网易视频,2021-08-05,影视视频
,"中国电视网 - 中央电视台付费频道平台 ,TV社区",http://tv.cn,数字电视网,2021-08-05,影视视频
//www.vidown.cn/favicon.ico,,http://vidown.cn,维棠官网,2021-08-05,影视视频
//v.qq.com/favicon.ico,腾讯视频VIP会员是腾讯视频推出的会员增值服务，畅享超过万部付费电影资源，24小时不限量享受高品质付费内容观看。囊括国内所有院线新媒体版权、好莱坞六大电影公司作品、HBO优质自制剧及原创电影、全球9大厂牌经典纪录片、国漫一线及上百场主流演唱会及音乐节直播。同时专享QQ图标点亮、蓝光1080P、缓存视频加速、明星弹幕及皮肤等产品特权，更有影视、游戏、生活、服务等10余项等级福利，定期举办线上线下丰富活动，为会员提供极致的娱乐体验。,http://film.qq.com,腾讯好莱坞影院,2021-08-05,影视视频
http://58921.com/misc/images/favicon.ico,,http://58921.com,电影票房数据库,2021-08-05,影视视频
https://www.v1.cn/favicon.ico,第一视频-中国短视频新闻媒体平台,http://v1.cn,第一视频,2021-08-05,影视视频
,国内第一的LOL视频中文主题站，提供海量的LOL高手、比赛、搞笑视频等，拥有最全最高清的英雄联盟视频，木木不哭站起来撸,http://lolshipin.com,LOL视频,2021-08-05,影视视频
,搜狐视频娱乐频道，包含各类最新鲜最热辣的明星资讯，独家爆料，新闻报道，影视剧花边、音乐演出和明星时尚视频，让您掌握第一手娱乐八卦资讯。,http://v.sohu.com,搜狐视频,2021-08-05,影视视频
,在爆米花，你可以分享视频给你的好友、同学、同事、家人，让他们随时了解你的动态同时还能获得不菲的现金收入，爆米花还为你提供一站式的在线娱乐服务，在美女秀场中与美女进行视频聊天和实时互动，各种类型的网页游戏和社交游戏应有尽有。,http://baomihua.com,爆米花网,2021-08-05,影视视频
//gaoqing.la/wp-content/themes/Loostrive/images/favicon.ico,中国高清网是每天关注提供720p高清、1080p高清、蓝光原盘高清、高清3d高清、高清mv最新热门bt种子磁力链迅雷下载网站，是下载了解高清电影天堂！,http://gaoqing.la,中国高清网 堂,2021-08-05,影视视频
,剧本网，剧本，编剧培训班。华语编剧网（原中国编剧网），创新领先的中文编剧门户网站，由中国剧本网创始人于振明创办。大量原创剧本：电影剧本、电视剧剧本、小品剧本、话剧剧本等，编剧：电影编剧、电视编剧、小品编剧等。设有编剧培训班、免费编剧学习资料。华语编剧网（Chinese Screenwriter Network）欢迎你！,http://www.bianju.me,中国编剧网,2021-08-05,影视视频
,"最全最流畅的高清网络电视在线直播网站,最好用的网络电视直播软件,风云直播湖南卫视在线直播,全国各省市高清无插件卫星网络电视在线直播观看",http://cietv.com,易视直播,2021-08-05,影视视频
,爱豆APP-是一款让你离偶像更近，了解偶像的最新动态消息、最近的行程、手机上收看演唱会直播，还有精彩美图、珍藏视频MV,http://idol001.com,爱豆,2021-08-05,影视视频
,影视工业网（https://107cine.com）是中国最大的泛影视垂直社群，为影视从业者提供行业最新资讯、设备购买、影视教育、电影人扶持、资源对接、影视招聘等服务。,http://107cine.com,影视工业网,2021-08-05,影视视频
http://www.wandafilm.com/images/favicon.ico,,http://wandafilm.com,万达电影,2021-08-05,影视视频
,剧集之家-手机在线看电影看片的好网站，提供好电视剧推荐和最新在线电影手机高清免费在线观看，包括韩剧、动漫和综艺等，致力于推荐2020好看的电视剧。,http://juji123.com,剧集之家,2021-08-05,影视视频
,微吼是国内领先的企业级互动视频云平台，为企业提供企业直播、营销直播、会议直播、年会直播、金融直播、医疗直播等多场景解决方案。,http://vhall.com,微吼直播,2021-08-05,影视视频
https://www.woxiu.com/favicon.ico,,http://woxiu.com,我秀,2021-08-05,影视视频
,,http://tv.2345.com,2345影视,2021-08-05,影视视频
http://xfplay.com/favicon.ico,,http://xfplay.com,影音先锋,2021-08-05,影视视频
//www.meipai.com/favicon32.ico,美拍网页版精选了热门、明星、搞笑逗比、女神男神、音乐舞蹈、时尚美妆、美食创意、宝宝萌宠等好玩有趣的短视频！,http://meipai.com,美拍,2021-08-05,影视视频
,"咪咕视频体育频道,在线直播国内外各大体育赛事,CBA直播,亚冠,中超,西甲,德甲,意甲,欧联,欧冠直播,女排,乒乓,滑冰,斯诺克直播,WWE,UFC直播,精彩不断",http://www.miguvideo.com,咪咕视频,2021-08-05,影视视频
//sf1-cdn-tos.douyinstatic.com/obj/eden-cn/lpqpflo/ixigua_favicon.ico,,http://www.ixigua.com,西瓜视频,2021-08-05,影视视频
,iPanda熊猫频道面向全球网民打造极具吸引力的熊猫主题新媒体集群。通过熊猫向世界传播和平、友爱理念，提升国家形象。iPanda熊猫频道对大熊猫繁育、日常起居等的情况进行24小时近距离视频直播及点播，并通过社交媒体、移动终端等用中、英进行全媒体传播。,http://ipanda.com,熊猫频道,2021-08-05,影视视频
,,http://dianying.2345.com,2345电影大全,2021-08-05,影视视频
https://9duw.com/favicon.ico,"九度网提供免费资源,娱乐资讯,软件下载,系统下载,剧情介绍,电视剧分集介绍,电视剧大结局,星座运程等综合性免费网站!",http://9duw.com,九度网,2021-08-05,影视视频
https://lf1-cdn-tos.bytegoofy.com/goofy/ies/douyin_web/public/favicon.ico,抖音-记录美好生活的视频平台,http://www.douyin.com,抖音短视频,2021-08-05,影视视频
https://p5.ssl.qhimg.com/d/inn/e95686a7/favicon-32x32.png,花椒直播，一个聚集超高颜值明星大咖、美女帅哥、热门网红、校花校草、逗比萌妹的手机直播社交平台，这里有明星发布会、花边新闻、才艺展示、生活趣闻、聊天互动、唱歌跳舞等等海量内容。花椒直播，全球首创萌颜直播，创造最萌潮流。,http://huajiao.com,花椒直播,2021-08-05,影视视频
,"飘花电影网－最新电影,3E迅雷电影下载网(原3edyy.com)-每天搜集最新迅雷免费电影下载。为使用迅雷软件的用户提供最新的免费电影下载、小电影下载、高清电影下载等服务。",http://piaohua.com,飘花电影网,2021-08-05,影视视频
//static.yximgs.com/udata/pkg/WEB-LIVE/kwai_icon.8f6787d8.ico,快手是一款国民级短视频App。在快手，了解真实的世界，认识有趣的人，也可以记录真实而有趣的自己。快手，拥抱每一种生活。,http://kuaishou.com,快手,2021-08-05,影视视频
https://pic.imdb.cn/static/assets/img/imdb.ico,"imdb爱影库(IMDB中文网)是全球最全的电影电视和明星内容资源,查找各类热门影视大片与明星评分和评论,致力于为广大影视爱好者提供最及时的影视信息推荐",http://imdb.cn,IMDb中文网,2021-08-05,影视视频
,,http://zhanqi.tv,战旗TV,2021-08-05,影视视频
https://www.joy.cn/favicon.ico,中国领先的视频门户网站，提供最新视频新闻、高清电影电视剧、热门综艺娱乐节目、财经、汽车、科技、风尚、播客、体育、动漫、游戏等视频。免费高清视频在线观看，尽在激动网。,http://joy.cn,激动网,2021-08-05,影视视频
http://moviesoon.com/favicon.ico,好莱坞电影手册 Moviesoon.com 专业好莱坞电影中心：别人没的我们有，别人有的我们不一样,http://moviesoon.com,好莱坞电影手册,2021-08-05,影视视频
,"好看电影网提供2020最新好看的影音先锋电影,影音先锋av,影音先锋资源xfplay在线观看和迅雷高清下载;好看站看影音先锋电影必备影音先锋看片网站就选先锋影院www.haokanmi.com",http://haokanmi.com,好看电影网,2021-08-05,影视视频
,"电影天堂_小调网,最好的迅雷电影下载网，分享最新电影,高清电影下载！",http://www.xiaopian.com,小调网,2021-08-05,影视视频
https://www.5dm.app/favicon.ico,"五弹幕/5DM，原名dilili/嘀哩哩弹幕网，被广大网友称为d站。以传递正能量为宗旨,致力于打造真正的二次元理想乡。嘀哩嘀哩弹幕网",http://dilili.net,我萌弹幕视频网,2021-08-05,影视视频
,,http://tutumv.com,兔兔电影网,2021-08-05,影视视频
,We help you acquire the perfect domain for your site. Affordable payment options. Quick and responsive customer support available.,http://dyxiazai.com,电影下载网,2021-08-05,影视视频
,,http://360-bo.com,360直播网,2021-08-05,影视视频
,,http://d44.cc,第四放映室 ,2021-08-05,影视视频
,,http://wangbady.com,网吧电影 ,2021-08-05,影视视频
https://www.tvbanywhere.com/img/tvb/anywhere_favicon.png,"TVB Anywhere是香港TVB專為海外觀眾而設的合法OTT服務，提供大量TVB原創經典及最新劇集及綜藝節目。TVB Drama, TVB Originals , 港劇, 免費看 , HK TV Drama木棘証人, The Witness, 使徒行者3, Line Walker：Bull Fight, 踩過街2, Legal Mavericks 2020",http://tvb.me,tvb迷,2021-08-05,影视视频
http://static.qymgc.com/public/images/favicon.ico,天堂av人成禽交免费A级毛片在线观看-久久久久久中文字幕国内影院网站-亚洲精品人妻熟女少妇av在线观看-日韩无码中文一区二区三区资源网,http://spmyc.com,幸福蓝海国际影城沭阳店,2021-08-05,影视视频
https://www.zaizhibo.tv/template/conch/asset/img/favicon.png,在直播电影网，免费观看全网最新的高清电影电视剧和动漫视频资源。,http://zaizhibo.tv,在直播官网,2021-08-05,影视视频
,We help you acquire the perfect domain for your site. Affordable payment options. Quick and responsive customer support available.,http://diezhanmi.com,谍战迷,2021-08-05,影视视频
http://hdplive.net/images/favicon.ico,HDP直播是一款互联网电视聚合应用。,http://hdplive.net,HDP直播官网,2021-08-05,影视视频
